depth,l1,l2,Mode,Frequency,Max_Deflection,Average_Deflection
0.0,0,0,1.0,52.976000000000006,18.084,9.0351
0.0,0,0,2.0,145.92,17.293,9.3771
0.0,0,0,3.0,285.99,17.43,9.5803
0.0,0,0,4.0,323.4,28.366,10.872
0.0,0,0,5.0,472.81,17.537,9.719
0.0,0,0,6.0,489.85,17.734,9.2553
0.5,60,110,1.0,52.618,18.051,7.3559
0.5,60,110,2.0,144.89,17.276,8.1888
0.5,60,110,3.0,283.94,17.488,9.0011
0.5,60,110,4.0,322.78,28.34,9.2718
0.5,60,110,5.0,469.3,17.680999999999997,9.7715
0.5,60,110,6.0,489.23,17.727,7.67
0.5,40,260,1.0,52.708999999999996,18.06,8.4753
0.5,40,260,2.0,145.17,17.285999999999998,9.2486
0.5,40,260,3.0,284.5,17.499000000000002,9.4812
0.5,40,260,4.0,322.86,28.342,10.355
0.5,40,260,5.0,470.23,17.691,9.2448
0.5,40,260,6.0,489.26,17.727999999999998,8.7298
0.5,80,440,1.0,52.68899999999999,18.05,8.7091
0.5,80,440,2.0,144.99,17.295,8.5732
0.5,80,440,3.0,284.09,17.542,9.3828
0.5,80,440,4.0,322.73,28.335,10.505999999999998
0.5,80,440,5.0,469.01,17.699,9.8724
0.5,80,440,6.0,489.25,17.727999999999998,8.949
0.5,40,520,1.0,52.653,18.053,9.1586
0.5,40,520,2.0,144.92,17.299,8.1374
0.5,40,520,3.0,283.7,17.531,9.4969
0.5,40,520,4.0,322.75,28.331,10.808
0.5,40,520,5.0,468.69,17.71,8.7951
0.5,40,520,6.0,489.24,17.727999999999998,9.3492
0.5,30,630,1.0,52.648,18.053,8.9465
0.5,30,630,2.0,145.2,17.281,9.2527
0.5,30,630,3.0,284.02,17.525,8.329
0.5,30,630,4.0,322.74,28.335,10.661
0.5,30,630,5.0,469.35,17.702,9.5986
0.5,30,630,6.0,489.23,17.726,9.1513
0.5,80,770,1.0,52.718,18.062,9.7073
0.5,80,770,2.0,145.28,17.292,10.017000000000001
0.5,80,770,3.0,284.24,17.485,9.9166
0.5,80,770,4.0,322.83,28.345,11.582
0.5,80,770,5.0,470.27,17.706,10.681
0.5,80,770,6.0,489.3,17.73,9.905
0.5,90,910,1.0,52.674,18.058,7.7608
0.5,90,910,2.0,144.92,17.3,8.513
0.5,90,910,3.0,283.75,17.496,9.2927
0.5,90,910,4.0,322.76,28.339000000000002,9.7144
0.5,90,910,5.0,468.61,17.698,10.001
0.5,90,910,6.0,489.26,17.727999999999998,8.0672
0.5,110,960,1.0,52.637,18.052,7.9268
0.5,110,960,2.0,144.76,17.284000000000002,8.616
0.5,110,960,3.0,283.34,17.496,9.2195
0.5,110,960,4.0,322.55,28.331999999999997,9.8135
0.5,110,960,5.0,467.71,17.679000000000002,9.7689
0.5,110,960,6.0,489.22,17.727,8.2049
0.5,200,300,1.0,52.691,18.059,9.2092
0.5,200,300,2.0,145.22,17.289,10.628
0.5,200,300,3.0,284.54,17.483,10.607000000000001
0.5,200,300,4.0,322.85,28.344,11.251
0.5,200,300,5.0,470.13,17.687,10.039
0.5,200,300,6.0,489.31,17.727999999999998,9.4537
0.5,210,430,1.0,52.678999999999995,18.058,9.5272
0.5,210,430,2.0,145.2,17.319000000000003,10.113
0.5,210,430,3.0,284.3,17.472,10.757
0.5,210,430,4.0,322.81,28.338,11.48
0.5,210,430,5.0,469.26,17.711,10.65
0.5,210,430,6.0,489.28,17.729,9.7452
0.5,150,520,1.0,52.71,18.051,9.4473
0.5,150,520,2.0,145.07,17.312,8.9738
0.5,150,520,3.0,284.42,17.515,10.94
0.5,150,520,4.0,322.84,28.337,11.347000000000001
0.5,150,520,5.0,469.72,17.703,10.373
0.5,150,520,6.0,489.3,17.729,9.6677
0.5,230,670,1.0,52.67100000000001,18.061,9.2879
0.5,230,670,2.0,145.54,17.308,11.136
0.5,230,670,3.0,284.95,17.53,10.94
0.5,230,670,4.0,322.84,28.34,11.402000000000001
0.5,230,670,5.0,469.59,17.732,10.046
0.5,230,670,6.0,489.29,17.727999999999998,9.5386
0.5,230,750,1.0,52.668,18.059,9.2203
0.5,230,750,2.0,145.16,17.291,11.009
0.5,230,750,3.0,284.19,17.506,11.19
0.5,230,750,4.0,322.81,28.342,11.315999999999999
0.5,230,750,5.0,469.3,17.689,9.5758
0.5,230,750,6.0,489.3,17.727999999999998,9.4719
0.5,170,830,1.0,52.608000000000004,18.052,8.3272
0.5,170,830,2.0,144.83,17.295,9.8436
0.5,170,830,3.0,283.69,17.458,11.002
0.5,170,830,4.0,322.74,28.336,10.481
0.5,170,830,5.0,468.27,17.689,11.357000000000001
0.5,170,830,6.0,489.26,17.727999999999998,8.626
0.5,170,990,1.0,52.576,18.046,7.9273
0.5,170,990,2.0,144.71,17.278,9.1247
0.5,170,990,3.0,283.47,17.483,10.003
0.5,170,990,4.0,322.49,28.326999999999998,9.8877
0.5,170,990,5.0,468.39,17.67,10.354000000000001
0.5,170,990,6.0,489.17,17.727999999999998,8.2006
0.5,270,370,1.0,52.693999999999996,18.059,9.9838
0.5,270,370,2.0,145.25,17.289,10.991
0.5,270,370,3.0,284.24,17.504,9.6195
0.5,270,370,4.0,322.83,28.348000000000003,11.886
0.5,270,370,5.0,469.41,17.704,9.3778
0.5,270,370,6.0,489.29,17.727999999999998,10.177
0.5,300,550,1.0,52.714,18.058,10.238999999999999
0.5,300,550,2.0,145.22,17.288,10.144
0.5,300,550,3.0,284.44,17.51,10.06
0.5,300,550,4.0,322.87,28.344,12.039000000000001
0.5,300,550,5.0,470.12,17.714000000000002,9.4083
0.5,300,550,6.0,489.31,17.729,10.404000000000002
0.5,280,620,1.0,52.673,18.059,9.8585
0.5,280,620,2.0,145.21,17.301,10.785
0.5,280,620,3.0,284.27,17.498,9.6905
0.5,280,620,4.0,322.83,28.339000000000002,11.767999999999999
0.5,280,620,5.0,469.52,17.733,9.2532
0.5,280,620,6.0,489.29,17.727999999999998,10.052999999999999
0.5,300,740,1.0,52.678000000000004,18.054000000000002,9.5487
0.5,300,740,2.0,145.01,17.291,10.876
0.5,300,740,3.0,284.18,17.494,10.107999999999999
0.5,300,740,4.0,322.88,28.342,11.534
0.5,300,740,5.0,469.99,17.702,9.0802
0.5,300,740,6.0,489.29,17.727999999999998,9.7653
0.5,340,830,1.0,52.658,18.055,9.5405
0.5,340,830,2.0,145.03,17.292,10.843
0.5,340,830,3.0,283.97,17.467,9.3374
0.5,340,830,4.0,322.79,28.340999999999998,11.538
0.5,340,830,5.0,469.08,17.717,11.363
0.5,340,830,6.0,489.28,17.727999999999998,9.7684
0.5,280,990,1.0,52.596000000000004,18.055,8.9378
0.5,280,990,2.0,144.95,17.287,9.9546
0.5,280,990,3.0,283.24,17.482,9.4794
0.5,280,990,4.0,322.45,28.334,10.77
0.5,280,990,5.0,468.3,17.688,8.3304
0.5,280,990,6.0,489.24,17.727,9.1491
0.5,490,470,,,,
0.5,500,630,1.0,52.699,18.057000000000002,10.886
0.5,500,630,2.0,145.3,17.285999999999998,9.279
0.5,500,630,3.0,284.49,17.547,9.5478
0.5,500,630,4.0,322.87,28.34,12.549000000000001
0.5,500,630,5.0,469.42,17.722,9.5935
0.5,500,630,6.0,489.29,17.73,11.004000000000001
0.5,470,740,1.0,52.72,18.051,10.195
0.5,470,740,2.0,145.17,17.285999999999998,9.7058
0.5,470,740,3.0,284.17,17.514,10.745999999999999
0.5,470,740,4.0,322.88,28.344,12.020999999999999
0.5,470,740,5.0,469.81,17.768,9.2625
0.5,470,740,6.0,489.28,17.729,10.364
0.5,420,900,1.0,52.68,18.054000000000002,8.9615
0.5,420,900,2.0,144.98,17.295,9.0173
0.5,420,900,3.0,283.96,17.517,9.6692
0.5,420,900,4.0,322.78,28.335,10.835999999999999
0.5,420,900,5.0,468.77,17.694000000000003,10.652000000000001
0.5,420,900,6.0,489.28,17.729,9.2021
0.5,420,950,1.0,52.732,18.057000000000002,9.0832
0.5,420,950,2.0,145.04,17.296,8.8076
0.5,420,950,3.0,283.93,17.526,9.116
0.5,420,950,4.0,322.84,28.337,10.805
0.5,420,950,5.0,468.6,17.721,9.8079
0.5,420,950,6.0,489.27,17.729,9.292
0.5,530,630,1.0,52.7,18.057000000000002,11.119000000000002
0.5,530,630,2.0,145.32,17.303,9.3945
0.5,530,630,3.0,284.35,17.555999999999997,9.6577
0.5,530,630,4.0,322.85,28.342,12.75
0.5,530,630,5.0,469.23,17.69,10.011000000000001
0.5,530,630,6.0,489.29,17.729,11.224
0.5,580,760,1.0,52.678999999999995,18.057000000000002,10.123
0.5,580,760,2.0,145.02,17.287,9.9061
0.5,580,760,3.0,284.14,17.484,10.129
0.5,580,760,4.0,322.85,28.351,11.921
0.5,580,760,5.0,469.11,17.679000000000002,10.357999999999999
0.5,580,760,6.0,489.29,17.729,10.292
0.5,590,910,1.0,52.688,18.054000000000002,9.5513
0.5,590,910,2.0,145.02,17.294,9.3477
0.5,590,910,3.0,284.17,17.506,9.4265
0.5,590,910,4.0,322.87,28.343000000000004,11.35
0.5,590,910,5.0,469.7,17.734,10.667
0.5,590,910,6.0,489.28,17.727999999999998,9.7502
0.5,570,960,1.0,52.748000000000005,18.059,9.0657
0.5,570,960,2.0,145.16,17.294,8.4074
0.5,570,960,3.0,284.33,17.505,8.9604
0.5,570,960,4.0,322.85,28.339000000000002,10.685
0.5,570,960,5.0,469.73,17.713,9.5109
0.5,570,960,6.0,489.23,17.727999999999998,9.2608
0.5,700,800,1.0,52.691,18.059,9.3545
0.5,700,800,2.0,145.22,17.289,10.724
0.5,700,800,3.0,284.53,17.497,10.415999999999999
0.5,700,800,4.0,322.85,28.344,11.368
0.5,700,800,5.0,470.05,17.686,9.6803
0.5,700,800,6.0,489.31,17.727999999999998,9.5886
0.5,760,930,1.0,52.618,18.053,7.9354
0.5,760,930,2.0,144.86,17.302,8.8758
0.5,760,930,3.0,283.75,17.477,9.4739
0.5,760,930,4.0,322.61,28.329,9.8772
0.5,760,930,5.0,468.94,17.698,9.6146
0.5,760,930,6.0,489.24,17.727999999999998,8.2236
0.5,740,960,1.0,52.718,18.06,8.2977
0.5,740,960,2.0,145.18,17.282,9.4067
0.5,740,960,3.0,284.32,17.491,9.4495
0.5,740,960,4.0,322.82,28.343000000000004,10.165
0.5,740,960,5.0,469.54,17.688,8.488
0.5,740,960,6.0,489.25,17.727,8.5575
0.5,800,900,1.0,52.711999999999996,18.059,8.3551
0.5,800,900,2.0,145.15,17.283,9.6208
0.5,800,900,3.0,284.5,17.491,10.469000000000001
0.5,800,900,4.0,322.83,28.342,10.422
0.5,800,900,5.0,470.2,17.685,10.675
0.5,800,900,6.0,489.3,17.727999999999998,8.6466
0.5,880,990,1.0,52.644,18.048,7.8085
0.5,880,990,2.0,144.81,17.283,8.5719
0.5,880,990,3.0,283.66,17.477,9.2385
0.5,880,990,4.0,322.56,28.329,9.6789
0.5,880,990,5.0,468.88,17.647000000000002,9.8079
0.5,880,990,6.0,489.24,17.727999999999998,8.0755
1.0,60,170,1.0,52.586999999999996,18.051,7.6279
1.0,60,170,2.0,144.83,17.285999999999998,8.5385
1.0,60,170,3.0,283.69,17.485,9.2892
1.0,60,170,4.0,322.61,28.334,9.5421
1.0,60,170,5.0,468.51,17.673,9.8068
1.0,60,170,6.0,489.16,17.727,7.9255
1.0,90,290,1.0,52.705,18.051,8.8921
1.0,90,290,2.0,144.98,17.323,9.5019
1.0,90,290,3.0,283.94,17.518,9.6946
1.0,90,290,4.0,322.7,28.335,10.802
1.0,90,290,5.0,469.77,17.727999999999998,9.7362
1.0,90,290,6.0,489.25,17.729,9.1319
1.0,20,410,1.0,52.523,18.045,8.7379
1.0,20,410,2.0,144.58,17.271,8.6515
1.0,20,410,3.0,283.13,17.515,8.6113
1.0,20,410,4.0,322.49,28.334,10.355
1.0,20,410,5.0,467.53,17.687,9.3047
1.0,20,410,6.0,489.03,17.73,8.9233
1.0,50,550,1.0,52.75899999999999,18.057000000000002,9.3148
1.0,50,550,2.0,145.2,17.285,8.3921
1.0,50,550,3.0,284.65,17.499000000000002,9.5193
1.0,50,550,4.0,322.86,28.343000000000004,10.967
1.0,50,550,5.0,470.12,17.7,9.363999999999999
1.0,50,550,6.0,489.24,17.73,9.5059
1.0,110,600,1.0,52.626000000000005,18.054000000000002,9.1228
1.0,110,600,2.0,144.96,17.279,9.2876
1.0,110,600,3.0,284.01,17.495,9.4201
1.0,110,600,4.0,322.59,28.334,10.965
1.0,110,600,5.0,469.35,17.689,10.619000000000002
1.0,110,600,6.0,489.2,17.729,9.3463
1.0,90,760,1.0,52.658,18.057000000000002,8.6611
1.0,90,760,2.0,145.07,17.287,9.5695
1.0,90,760,3.0,284.08,17.508,9.9664
1.0,90,760,4.0,322.73,28.338,10.63
1.0,90,760,5.0,469.29,17.7,9.8519
1.0,90,760,6.0,489.25,17.729,8.9214
1.0,20,830,1.0,52.523999999999994,18.043,7.8229999999999995
1.0,20,830,2.0,144.58,17.293,8.5393
1.0,20,830,3.0,283.06,17.482,9.0624
1.0,20,830,4.0,322.33,28.316999999999997,9.6161
1.0,20,830,5.0,467.47,17.695,9.347000000000001
1.0,20,830,6.0,489.06,17.726,8.0775
1.0,90,990,1.0,52.542,18.043,8.0084
1.0,90,990,2.0,144.64,17.28,8.4518
1.0,90,990,3.0,283.3,17.487000000000002,8.7717
1.0,90,990,4.0,322.29,28.318,9.7477
1.0,90,990,5.0,468.03,17.689,9.0749
1.0,90,990,6.0,489.07,17.727,8.2441
1.0,220,330,1.0,52.655,18.055,9.4516
1.0,220,330,2.0,144.88,17.294,10.436
1.0,220,330,3.0,283.97,17.487000000000002,9.8678
1.0,220,330,4.0,322.73,28.36,11.392999999999999
1.0,220,330,5.0,468.93,17.68,10.127
1.0,220,330,6.0,489.27,17.729,9.6678
1.0,220,370,1.0,52.662,18.057000000000002,9.5537
1.0,220,370,2.0,144.98,17.285,10.309000000000001
1.0,220,370,3.0,284.04,17.486,9.6407
1.0,220,370,4.0,322.81,28.35,11.472000000000001
1.0,220,370,5.0,468.95,17.679000000000002,10.562000000000001
1.0,220,370,6.0,489.28,17.729,9.7636
1.0,200,550,1.0,52.713,18.054000000000002,10.112
1.0,200,550,2.0,145.08,17.279,9.3204
1.0,200,550,3.0,284.37,17.521,10.532
1.0,200,550,4.0,322.79,28.344,11.869000000000002
1.0,200,550,5.0,469.7,17.702,10.142999999999999
1.0,200,550,6.0,489.29,17.730999999999998,10.279000000000002
1.0,150,670,1.0,52.742,18.052,9.389
1.0,150,670,2.0,145.13,17.295,10.197000000000001
1.0,150,670,3.0,284.55,17.52,9.7318
1.0,150,670,4.0,322.79,28.355999999999998,11.325
1.0,150,670,5.0,469.53,17.782,10.482999999999999
1.0,150,670,6.0,489.28,17.729,9.6115
1.0,170,760,1.0,52.676,18.055999999999997,8.7624
1.0,170,760,2.0,145.03,17.287,9.9692
1.0,170,760,3.0,283.91,17.506,10.539000000000001
1.0,170,760,4.0,322.74,28.342,10.800999999999998
1.0,170,760,5.0,468.99,17.679000000000002,10.352
1.0,170,760,6.0,489.28,17.729,9.0245
1.0,170,890,1.0,52.621,18.049,7.9571
1.0,170,890,2.0,144.86,17.303,9.2156
1.0,170,890,3.0,284.1,17.477,10.222999999999999
1.0,170,890,4.0,322.51,28.337,10.03
1.0,170,890,5.0,469.28,17.674,10.852
1.0,170,890,6.0,489.19,17.727999999999998,8.2629
1.0,210,990,1.0,52.556999999999995,18.045,8.2534
1.0,210,990,2.0,144.76,17.292,9.1804
1.0,210,990,3.0,283.47,17.500999999999998,9.658
1.0,210,990,4.0,322.31,28.323,10.113999999999999
1.0,210,990,5.0,467.64,17.699,9.5905
1.0,210,990,6.0,489.14,17.727,8.4977
1.0,270,430,1.0,52.643,18.06,9.7069
1.0,270,430,2.0,144.94,17.298,9.9396
1.0,270,430,3.0,283.69,17.492,9.9862
1.0,270,430,4.0,322.79,28.343000000000004,11.562000000000001
1.0,270,430,5.0,468.91,17.701,9.76
1.0,270,430,6.0,489.27,17.73,9.8998
1.0,280,550,1.0,52.696999999999996,18.052,10.322000000000001
1.0,280,550,2.0,145.08,17.292,9.5885
1.0,280,550,3.0,284.45,17.493,10.417
1.0,280,550,4.0,322.85,28.345,12.07
1.0,280,550,5.0,469.7,17.724,9.5191
1.0,280,550,6.0,489.29,17.73,10.477
1.0,370,600,1.0,52.685,18.057000000000002,10.344000000000001
1.0,370,600,2.0,145.06,17.283,10.095
1.0,370,600,3.0,284.24,17.487000000000002,8.9998
1.0,370,600,4.0,322.89,28.35,12.087
1.0,370,600,5.0,469.66,17.707,10.852
1.0,370,600,6.0,489.3,17.73,10.495999999999999
1.0,370,770,1.0,52.721000000000004,18.055,9.6375
1.0,370,770,2.0,145.32,17.284000000000002,10.437999999999999
1.0,370,770,3.0,284.55,17.524,9.9238
1.0,370,770,4.0,322.81,28.342,11.554
1.0,370,770,5.0,470.08,17.752,10.405999999999999
1.0,370,770,6.0,489.3,17.729,9.844
1.0,330,850,1.0,52.751999999999995,18.052,9.1434
1.0,330,850,2.0,145.15,17.289,9.9897
1.0,330,850,3.0,284.59,17.525,9.9868
1.0,330,850,4.0,322.78,28.353,11.115
1.0,330,850,5.0,469.54,17.788,10.593
1.0,330,850,6.0,489.29,17.729,9.3811
1.0,350,990,1.0,52.512,18.044,9.1681
1.0,350,990,2.0,144.6,17.274,9.5862
1.0,350,990,3.0,283.08,17.485,8.2905
1.0,350,990,4.0,322.31,28.331,10.880999999999998
1.0,350,990,5.0,467.76,17.659000000000002,9.6336
1.0,350,990,6.0,488.92,17.73,9.3547
1.0,450,500,1.0,52.70399999999999,18.058,10.972000000000001
1.0,450,500,2.0,145.1,17.279,8.3961
1.0,450,500,3.0,284.41,17.487000000000002,10.780999999999999
1.0,450,500,4.0,322.91,28.346,12.565999999999999
1.0,450,500,5.0,469.93,17.692,9.1914
1.0,450,500,6.0,489.29,17.734,11.077
1.0,440,690,1.0,52.641999999999996,18.061,10.084
1.0,440,690,2.0,145.0,17.288,10.254000000000001
1.0,440,690,3.0,283.81,17.489,9.8277
1.0,440,690,4.0,322.81,28.353,11.897
1.0,440,690,5.0,468.94,17.707,9.7098
1.0,440,690,6.0,489.24,17.73,10.258
1.0,400,810,1.0,52.718,18.062,9.7073
1.0,400,810,2.0,145.28,17.292,10.017000000000001
1.0,400,810,3.0,284.24,17.485,9.9166
1.0,400,810,4.0,322.83,28.345,11.582
1.0,400,810,5.0,470.27,17.706,10.681
1.0,400,810,6.0,489.3,17.73,9.905
1.0,480,830,1.0,52.66,18.06,9.7262
1.0,480,830,2.0,144.96,17.292,8.8449
1.0,480,830,3.0,283.78,17.474,10.607999999999999
1.0,480,830,4.0,322.74,28.339000000000002,11.538
1.0,480,830,5.0,469.15,17.691,9.7046
1.0,480,830,6.0,489.23,17.733,9.9141
1.0,440,990,1.0,52.583,18.043,9.2686
1.0,440,990,2.0,144.7,17.277,8.5498
1.0,440,990,3.0,283.48,17.495,9.2698
1.0,440,990,4.0,322.44,28.326,10.868
1.0,440,990,5.0,468.17,17.680999999999997,9.3204
1.0,440,990,6.0,489.14,17.729,9.4328
1.0,570,670,1.0,52.71,18.058,10.58
1.0,570,670,2.0,145.07,17.317999999999998,9.8369
1.0,570,670,3.0,283.97,17.507,9.7079
1.0,570,670,4.0,322.81,28.346,12.277000000000001
1.0,570,670,5.0,469.6,17.724,10.48
1.0,570,670,6.0,489.27,17.73,10.719000000000001
1.0,560,790,1.0,52.674,18.048,9.3527
1.0,560,790,2.0,144.95,17.295,9.904
1.0,560,790,3.0,284.07,17.514,10.754000000000001
1.0,560,790,4.0,322.77,28.339000000000002,11.306
1.0,560,790,5.0,468.41,17.674,10.498
1.0,560,790,6.0,489.25,17.73,9.5768
1.0,570,910,1.0,52.72,18.055999999999997,9.6013
1.0,570,910,2.0,145.09,17.305,9.1663
1.0,570,910,3.0,284.02,17.52,9.8075
1.0,570,910,4.0,322.75,28.339000000000002,11.375
1.0,570,910,5.0,470.19,17.7,10.319
1.0,570,910,6.0,489.2,17.73,9.7946
1.0,530,960,1.0,52.652,18.057000000000002,9.6725
1.0,530,960,2.0,144.92,17.292,8.3892
1.0,530,960,3.0,283.76,17.499000000000002,9.9466
1.0,530,960,4.0,322.64,28.337,11.335999999999999
1.0,530,960,5.0,468.81,17.705,9.087
1.0,530,960,6.0,489.12,17.73,9.8424
1.0,680,740,1.0,52.661,18.058,9.7097
1.0,680,740,2.0,145.02,17.287,11.114
1.0,680,740,3.0,283.89,17.480999999999998,9.9892
1.0,680,740,4.0,322.73,28.351999999999997,11.665
1.0,680,740,5.0,469.16,17.723,9.2088
1.0,680,740,6.0,489.28,17.727999999999998,9.9199
1.0,730,900,1.0,52.702,18.061,8.4726
1.0,730,900,2.0,145.25,17.301,9.5806
1.0,730,900,3.0,284.4,17.475,9.9808
1.0,730,900,4.0,322.79,28.346,10.484000000000002
1.0,730,900,5.0,469.84,17.692,9.8317
1.0,730,900,6.0,489.26,17.729,8.7523
1.0,680,950,1.0,52.726000000000006,18.063,8.6193
1.0,680,950,2.0,145.18,17.299,9.2364
1.0,680,950,3.0,284.17,17.489,8.916
1.0,680,950,4.0,322.77,28.346,10.447000000000001
1.0,680,950,5.0,469.74,17.708,9.3596
1.0,680,950,6.0,489.22,17.729,8.8637
1.0,830,890,1.0,52.62,18.053,7.8548
1.0,830,890,2.0,144.87,17.289,9.3821
1.0,830,890,3.0,283.66,17.495,10.622
1.0,830,890,4.0,322.51,28.331999999999997,10.01
1.0,830,890,5.0,468.24,17.7,11.264000000000001
1.0,830,890,6.0,489.2,17.729,8.1779
1.0,810,970,1.0,52.556999999999995,18.043,8.2855
1.0,810,970,2.0,144.67,17.283,9.293
1.0,810,970,3.0,283.79,17.51,10.263
1.0,810,970,4.0,322.55,28.335,10.245
1.0,810,970,5.0,468.84,17.647000000000002,10.259
1.0,810,970,6.0,489.04,17.73,8.5481
2.0,20,140,1.0,52.281000000000006,18.029,8.0075
2.0,20,140,2.0,144.01,17.271,8.5783
2.0,20,140,3.0,282.02,17.495,9.059
2.0,20,140,4.0,321.77,28.314,9.7952
2.0,20,140,5.0,465.35,17.692,9.3928
2.0,20,140,6.0,488.09,17.73,8.2467
2.0,100,310,1.0,52.618,18.054000000000002,8.727
2.0,100,310,2.0,144.76,17.334,9.656
2.0,100,310,3.0,284.14,17.515,9.7491
2.0,100,310,4.0,322.38,28.345,10.699000000000002
2.0,100,310,5.0,469.32,17.764,10.123
2.0,100,310,6.0,489.04,17.73,8.9872
2.0,100,430,1.0,52.635,18.057000000000002,9.613
2.0,100,430,2.0,145.04,17.343,9.2576
2.0,100,430,3.0,284.12,17.555,9.8835
2.0,100,430,4.0,322.39,28.331,11.414000000000001
2.0,100,430,5.0,469.38,17.794,10.374
2.0,100,430,6.0,488.87,17.737000000000002,9.8077
2.0,30,510,1.0,52.38,18.067999999999998,9.3469
2.0,30,510,2.0,144.56,17.284000000000002,8.4971
2.0,30,510,3.0,283.0,17.488,9.8502
2.0,30,510,4.0,322.55,28.335,11.046
2.0,30,510,5.0,468.62,17.688,9.0044
2.0,30,510,6.0,488.42,17.745,9.5306
2.0,60,630,1.0,52.333,18.035999999999998,8.9309
2.0,60,630,2.0,144.14,17.272000000000002,9.2912
2.0,60,630,3.0,283.46,17.518,8.728
2.0,60,630,4.0,322.21,28.34,10.706
2.0,60,630,5.0,466.53,17.78,9.777000000000001
2.0,60,630,6.0,488.36,17.727999999999998,9.147
2.0,20,780,1.0,52.308,18.028,8.2641
2.0,20,780,2.0,143.85,17.284000000000002,9.1213
2.0,20,780,3.0,281.26,17.592,9.4881
2.0,20,780,4.0,321.82,28.311999999999998,10.088
2.0,20,780,5.0,465.52,17.679000000000002,9.3466
2.0,20,780,6.0,488.52,17.727,8.5025
2.0,40,900,1.0,52.512,18.047,7.9753
2.0,40,900,2.0,144.76,17.305999999999997,8.5207
2.0,40,900,3.0,283.49,17.512,8.8425
2.0,40,900,4.0,322.16,28.322,9.7951
2.0,40,900,5.0,469.44,17.68,9.4763
2.0,40,900,6.0,488.36,17.722,8.2436
2.0,20,960,1.0,52.23,18.019000000000002,7.3914
2.0,20,960,2.0,143.83,17.250999999999998,7.7515
2.0,20,960,3.0,281.85,17.472,8.0001
2.0,20,960,4.0,321.7,28.299,8.9935
2.0,20,960,5.0,465.86,17.673,8.2354
2.0,20,960,6.0,487.79,17.727,7.626
2.0,140,290,1.0,52.706,18.057000000000002,9.2192
2.0,140,290,2.0,145.18,17.333,10.241
2.0,140,290,3.0,284.1,17.555,10.157
2.0,140,290,4.0,322.49,28.337,11.190999999999999
2.0,140,290,5.0,469.71,17.726,9.7381
2.0,140,290,6.0,489.19,17.732,9.454
2.0,180,420,1.0,52.619,18.065,9.5419
2.0,180,420,2.0,144.85,17.29,9.7649
2.0,180,420,3.0,283.46,17.570999999999998,10.264000000000001
2.0,180,420,4.0,322.51,28.358,11.425
2.0,180,420,5.0,467.58,17.701,10.832
2.0,180,420,6.0,489.12,17.737000000000002,9.7495
2.0,160,470,1.0,52.585,18.070999999999998,9.2123
2.0,160,470,2.0,144.92,17.293,9.4869
2.0,160,470,3.0,283.26,17.521,10.609000000000002
2.0,160,470,4.0,322.45,28.337,11.155
2.0,160,470,5.0,467.75,17.753,10.491
2.0,160,470,6.0,489.04,17.744,9.443
2.0,220,670,1.0,52.633,18.061,9.1909
2.0,220,670,2.0,144.82,17.3,10.318
2.0,220,670,3.0,283.51,17.602,10.195
2.0,220,670,4.0,322.48,28.363000000000003,11.168
2.0,220,670,5.0,467.46,17.749000000000002,10.148
2.0,220,670,6.0,489.26,17.730999999999998,9.4267
2.0,180,800,1.0,52.687,18.066,8.865
2.0,180,800,2.0,145.22,17.28,10.092
2.0,180,800,3.0,283.54,17.555999999999997,10.675
2.0,180,800,4.0,322.36,28.342,10.915
2.0,180,800,5.0,468.4,17.707,10.587
2.0,180,800,6.0,489.26,17.734,9.1262
2.0,210,930,1.0,52.6,18.035999999999998,8.4332
2.0,210,930,2.0,144.54,17.33,9.0985
2.0,210,930,3.0,283.07,17.54,9.754
2.0,210,930,4.0,321.94,28.311,10.347000000000001
2.0,210,930,5.0,468.03,17.692999999999998,9.9305
2.0,210,930,6.0,488.76,17.729,8.6908
2.0,190,990,1.0,52.383,18.033,8.4923
2.0,190,990,2.0,144.23,17.268,9.3545
2.0,190,990,3.0,282.35,17.503,9.8554
2.0,190,990,4.0,321.77,28.31,10.380999999999998
2.0,190,990,5.0,466.37,17.694000000000003,9.9265
2.0,190,990,6.0,488.51,17.73,8.731
2.0,360,360,,,,
2.0,360,470,1.0,52.599,18.074,10.325999999999999
2.0,360,470,2.0,144.91,17.304000000000002,9.5973
2.0,360,470,3.0,283.61,17.52,9.6362
2.0,360,470,4.0,322.88,28.364,12.057
2.0,360,470,5.0,468.72,17.712,10.125
2.0,360,470,6.0,489.07,17.742,10.475999999999999
2.0,320,680,1.0,52.631,18.055,9.8982
2.0,320,680,2.0,144.86,17.319000000000003,10.784
2.0,320,680,3.0,284.5,17.484,9.4136
2.0,320,680,4.0,322.66,28.377,11.777000000000001
2.0,320,680,5.0,469.29,17.85,9.717
2.0,320,680,6.0,489.12,17.730999999999998,10.088
2.0,300,740,1.0,52.722,18.063,9.3494
2.0,300,740,2.0,144.92,17.315,10.32
2.0,300,740,3.0,283.28,17.473,9.9802
2.0,300,740,4.0,322.6,28.368000000000002,11.287
2.0,300,740,5.0,469.84,17.639,9.5726
2.0,300,740,6.0,489.34,17.730999999999998,9.5697
2.0,330,930,1.0,52.475,18.044,8.4642
2.0,330,930,2.0,144.51,17.292,9.1988
2.0,330,930,3.0,283.74,17.485,8.837
2.0,330,930,4.0,322.22,28.337,10.322000000000001
2.0,330,930,5.0,468.32,17.791,9.5236
2.0,330,930,6.0,488.76,17.726,8.7182
2.0,290,990,1.0,52.39,18.031,8.9414
2.0,290,990,2.0,144.15,17.301,9.7544
2.0,290,990,3.0,282.52,17.484,9.482000000000001
2.0,290,990,4.0,322.02,28.323,10.765999999999998
2.0,290,990,5.0,467.02,17.672,8.7562
2.0,290,990,6.0,488.57,17.732,9.1505
2.0,400,520,1.0,52.656000000000006,18.078,10.352
2.0,400,520,2.0,145.02,17.308,9.2979
2.0,400,520,3.0,283.88,17.492,9.9557
2.0,400,520,4.0,322.96,28.364,12.061
2.0,400,520,5.0,469.35,17.689,10.062000000000001
2.0,400,520,6.0,489.12,17.748,10.499
2.0,410,610,1.0,52.543,18.066,10.380999999999998
2.0,410,610,2.0,144.73,17.283,10.044
2.0,410,610,3.0,283.77,17.52,9.3834
2.0,410,610,4.0,322.86,28.383000000000003,12.104000000000001
2.0,410,610,5.0,466.84,17.683,10.888
2.0,410,610,6.0,488.85,17.742,10.532
2.0,410,800,1.0,52.588,18.067,9.3794
2.0,410,800,2.0,144.91,17.29,10.051
2.0,410,800,3.0,283.59,17.521,10.334000000000001
2.0,410,800,4.0,322.6,28.36,11.318
2.0,410,800,5.0,467.06,17.675,10.482999999999999
2.0,410,800,6.0,489.16,17.735,9.6031
2.0,410,860,1.0,52.548,18.063,9.4771
2.0,410,860,2.0,144.81,17.308,9.5402
2.0,410,860,3.0,283.67,17.535999999999998,9.9197
2.0,410,860,4.0,322.51,28.349,11.329
2.0,410,860,5.0,467.63,17.75,10.522
2.0,410,860,6.0,489.0,17.735,9.6829
2.0,480,990,1.0,52.146,18.022000000000002,9.3188
2.0,480,990,2.0,143.86,17.253,8.5876
2.0,480,990,3.0,281.82,17.468,9.7501
2.0,480,990,4.0,321.97,28.311,10.988
2.0,480,990,5.0,465.37,17.752,9.0052
2.0,480,990,6.0,487.43,17.742,9.4867
2.0,620,610,,,,
2.0,620,790,1.0,52.628,18.058,9.4312
2.0,620,790,2.0,144.66,17.292,9.8692
2.0,620,790,3.0,283.35,17.608,9.9485
2.0,620,790,4.0,322.55,28.36,11.333
2.0,620,790,5.0,467.18,17.677,10.334000000000001
2.0,620,790,6.0,489.2,17.734,9.642999999999999
2.0,530,900,1.0,52.585,18.077,9.3254
2.0,530,900,2.0,144.99,17.315,8.7687
2.0,530,900,3.0,283.54,17.527,10.109
2.0,530,900,4.0,322.68,28.343000000000004,11.14
2.0,530,900,5.0,469.01,17.771,9.8027
2.0,530,900,6.0,488.8,17.748,9.5393
2.0,560,970,1.0,52.699,18.057000000000002,10.886
2.0,560,970,2.0,145.3,17.285999999999998,9.279
2.0,560,970,3.0,284.49,17.547,9.5478
2.0,560,970,4.0,322.87,28.34,12.549000000000001
2.0,560,970,5.0,469.42,17.722,9.5935
2.0,560,970,6.0,489.29,17.73,11.004000000000001
2.0,660,770,1.0,52.632,18.048,9.762
2.0,660,770,2.0,144.39,17.308,10.720999999999998
2.0,660,770,3.0,283.59,17.500999999999998,9.7071
2.0,660,770,4.0,322.61,28.359,11.674000000000001
2.0,660,770,5.0,468.34,17.835,10.084
2.0,660,770,6.0,489.07,17.727,9.9563
2.0,660,850,1.0,52.636,18.052,9.3206
2.0,660,850,2.0,144.62,17.323,10.02
2.0,660,850,3.0,283.96,17.489,9.6513
2.0,660,850,4.0,322.5,28.354,11.248
2.0,660,850,5.0,468.42,17.918,10.725
2.0,660,850,6.0,489.04,17.727999999999998,9.5434
2.0,760,980,1.0,52.675,18.05,8.3072
2.0,760,980,2.0,144.39,17.336,8.9341
2.0,760,980,3.0,282.19,17.549,9.2461
2.0,760,980,4.0,322.16,28.326999999999998,10.068
2.0,760,980,5.0,467.63,17.758,8.842
2.0,760,980,6.0,488.39,17.724,8.5386
2.0,810,910,1.0,52.431000000000004,18.055,8.4855
2.0,810,910,2.0,144.72,17.303,9.435
2.0,810,910,3.0,283.43,17.567,10.179
2.0,810,910,4.0,322.12,28.326,10.5
2.0,810,910,5.0,467.91,17.683,10.487
2.0,810,910,6.0,488.45,17.732,8.7615
2.0,890,980,1.0,52.391000000000005,18.037,7.7617
2.0,890,980,2.0,144.43,17.268,8.2644
2.0,890,980,3.0,283.05,17.477999999999998,8.6592
2.0,890,980,4.0,321.94,28.308000000000003,9.4978
2.0,890,980,5.0,467.56,17.685,9.0079
2.0,890,980,6.0,488.05,17.719,8.0094
3.0,10,160,1.0,52.086000000000006,18.014,8.5447
3.0,10,160,2.0,143.5,17.254,9.267999999999999
3.0,10,160,3.0,280.55,17.555,9.7712
3.0,10,160,4.0,320.95,28.285999999999998,10.427999999999999
3.0,10,160,5.0,462.93,17.948,10.039
3.0,10,160,6.0,486.88,17.729,8.7729
3.0,20,310,1.0,52.105,18.007,8.9792
3.0,20,310,2.0,143.04,17.367,9.5492
3.0,20,310,3.0,281.5,17.52,9.2719
3.0,20,310,4.0,321.6,28.342,10.769
3.0,20,310,5.0,465.6,17.805999999999997,9.3349
3.0,20,310,6.0,487.41,17.732,9.1741
3.0,20,440,1.0,51.98,18.044,9.4233
3.0,20,440,2.0,143.46,17.298,8.9893
3.0,20,440,3.0,280.55,17.547,9.5888
3.0,20,440,4.0,321.94,28.34,11.125
3.0,20,440,5.0,463.88,17.785,9.6481
3.0,20,440,6.0,487.06,17.752,9.5934
3.0,40,470,1.0,52.203,18.098,9.1699
3.0,40,470,2.0,144.48,17.309,8.6076
3.0,40,470,3.0,281.4,17.52,9.4336
3.0,40,470,4.0,322.17,28.331,10.875
3.0,40,470,5.0,468.05,17.874000000000002,9.1416
3.0,40,470,6.0,487.24,17.750999999999998,9.3659
3.0,60,670,1.0,52.248999999999995,18.023,8.4561
3.0,60,670,2.0,143.74,17.37,8.9664
3.0,60,670,3.0,283.28,17.557000000000002,8.7289
3.0,60,670,4.0,321.76,28.334,10.24
3.0,60,670,5.0,467.56,18.003,9.2864
3.0,60,670,6.0,487.66,17.722,8.6972
3.0,90,710,1.0,52.452,18.047,8.3512
3.0,90,710,2.0,144.12,17.476,9.2402
3.0,90,710,3.0,283.29,17.537,9.5576
3.0,90,710,4.0,321.64,28.349,10.311
3.0,90,710,5.0,468.76,17.705,9.6763
3.0,90,710,6.0,488.39,17.730999999999998,8.6309
3.0,60,850,1.0,52.263999999999996,18.039,8.1607
3.0,60,850,2.0,144.44,17.283,9.0197
3.0,60,850,3.0,283.18,17.534000000000002,9.7281
3.0,60,850,4.0,321.31,28.29,10.117
3.0,60,850,5.0,467.73,17.895,10.205
3.0,60,850,6.0,487.67,17.729,8.4421
3.0,60,990,1.0,51.849,17.999000000000002,7.8277
3.0,60,990,2.0,143.13,17.277,8.1855
3.0,60,990,3.0,280.76,17.471,8.4749
3.0,60,990,4.0,320.99,28.269000000000002,9.5097
3.0,60,990,5.0,464.36,17.691,8.707
3.0,60,990,6.0,486.1,17.722,8.0558
3.0,180,330,1.0,52.601000000000006,18.057000000000002,9.3853
3.0,180,330,2.0,144.42,17.305999999999997,10.14
3.0,180,330,3.0,282.84,17.67,9.935
3.0,180,330,4.0,321.96,28.38,11.307
3.0,180,330,5.0,464.87,17.984,10.335
3.0,180,330,6.0,488.98,17.735,9.6067
3.0,200,370,1.0,52.576,18.063,9.5083
3.0,200,370,2.0,144.27,17.281,10.349
3.0,200,370,3.0,282.82,17.762999999999998,10.031
3.0,200,370,4.0,322.13,28.385,11.44
3.0,200,370,5.0,464.62,17.718,10.633
3.0,200,370,6.0,488.95,17.738,9.7244
3.0,210,530,1.0,52.443000000000005,18.123,9.3862
3.0,210,530,2.0,144.81,17.352999999999998,10.107999999999999
3.0,210,530,3.0,280.9,17.608,11.012
3.0,210,530,4.0,322.33,28.358,11.375
3.0,210,530,5.0,466.94,17.625,10.347000000000001
3.0,210,530,6.0,488.62,17.77,9.621
3.0,150,640,1.0,52.617,18.063,9.0567
3.0,150,640,2.0,144.86,17.311,9.9649
3.0,150,640,3.0,283.76,17.557000000000002,9.7614
3.0,150,640,4.0,322.1,28.355,11.046
3.0,150,640,5.0,467.57,17.855,11.2
3.0,150,640,6.0,488.83,17.739,9.307
3.0,170,770,1.0,52.621,18.061,8.5719
3.0,170,770,2.0,144.67,17.303,10.126
3.0,170,770,3.0,282.57,17.576,10.967
3.0,170,770,4.0,321.54,28.338,10.667
3.0,170,770,5.0,466.94,17.994,10.789000000000001
3.0,170,770,6.0,489.13,17.741,8.855
3.0,180,830,1.0,52.56399999999999,18.069000000000003,8.4646
3.0,180,830,2.0,144.69,17.301,9.7424
3.0,180,830,3.0,281.72,17.617,10.649000000000001
3.0,180,830,4.0,321.26,28.324,10.537
3.0,180,830,5.0,463.23,17.935,10.964
3.0,180,830,6.0,488.98,17.744,8.7511
3.0,230,990,1.0,52.036,18.005,8.6623
3.0,230,990,2.0,143.03,17.299,9.5517
3.0,230,990,3.0,279.96,17.516,9.7074
3.0,230,990,4.0,321.14,28.316999999999997,10.52
3.0,230,990,5.0,464.1,17.64,9.5791
3.0,230,990,6.0,486.84,17.733,8.8923
3.0,310,430,1.0,52.46,18.079,10.325
3.0,310,430,2.0,144.29,17.33,9.9919
3.0,310,430,3.0,282.87,17.487000000000002,9.9084
3.0,310,430,4.0,322.76,28.401,12.065999999999999
3.0,310,430,5.0,467.6,17.748,10.251
3.0,310,430,6.0,488.68,17.750999999999998,10.475999999999999
3.0,340,490,,,,
3.0,340,630,1.0,52.574,18.053,10.270999999999999
3.0,340,630,2.0,144.08,17.34,10.535
3.0,340,630,3.0,284.05,17.544,8.5436
3.0,340,630,4.0,322.66,28.425,12.027999999999999
3.0,340,630,5.0,466.56,17.781,10.718
3.0,340,630,6.0,488.75,17.743,10.43
3.0,310,760,1.0,52.613,18.05,9.2891
3.0,310,760,2.0,143.84,17.343,10.285
3.0,310,760,3.0,282.36,17.616,10.071
3.0,310,760,4.0,322.07,28.393,11.218
3.0,310,760,5.0,467.79,17.95,9.753
3.0,310,760,6.0,489.21,17.732,9.5114
3.0,280,890,1.0,52.438,18.048,8.649
3.0,280,890,2.0,144.17,17.452,9.6148
3.0,280,890,3.0,282.77,17.545,9.8166
3.0,280,890,4.0,321.41,28.335,10.614
3.0,280,890,5.0,467.91,17.715999999999998,9.752
3.0,280,890,6.0,488.49,17.734,8.9102
3.0,370,990,1.0,51.943000000000005,18.000999999999998,9.0385
3.0,370,990,2.0,143.05,17.247,9.4208
3.0,370,990,3.0,281.38,17.491,9.0717
3.0,370,990,4.0,321.69,28.339000000000002,10.808
3.0,370,990,5.0,462.99,17.72,9.6671
3.0,370,990,6.0,486.72,17.743,9.2339
3.0,480,560,1.0,52.413999999999994,18.136,10.342
3.0,480,560,2.0,144.89,17.34,8.982999999999999
3.0,480,560,3.0,282.3,17.555999999999997,10.349
3.0,480,560,4.0,323.12,28.393,12.03
3.0,480,560,5.0,467.96,17.776,9.7196
3.0,480,560,6.0,488.32,17.785999999999998,10.488
3.0,410,600,1.0,52.431000000000004,18.084,10.258
3.0,410,600,2.0,144.69,17.303,9.9033
3.0,410,600,3.0,283.77,17.577,9.6156
3.0,410,600,4.0,323.01,28.415,11.994000000000002
3.0,410,600,5.0,465.31,17.656,10.716
3.0,410,600,6.0,488.54,17.756,10.415999999999999
3.0,500,720,1.0,52.543,18.116,10.427999999999999
3.0,500,720,2.0,144.51,17.45,9.3098
3.0,500,720,3.0,282.45,17.509,10.58
3.0,500,720,4.0,322.72,28.395,12.152999999999999
3.0,500,720,5.0,469.88,17.714000000000002,8.8389
3.0,500,720,6.0,488.8,17.783,10.575999999999999
3.0,460,860,1.0,52.391000000000005,18.114,9.2087
3.0,460,860,2.0,145.21,17.342,9.3323
3.0,460,860,3.0,282.74,17.58,10.305
3.0,460,860,4.0,322.25,28.348000000000003,11.115
3.0,460,860,5.0,467.19,17.963,10.237
3.0,460,860,6.0,488.33,17.765,9.4408
3.0,430,990,1.0,51.893,18.027,9.5083
3.0,430,990,2.0,143.18,17.283,8.932
3.0,430,990,3.0,280.23,17.570999999999998,9.4203
3.0,430,990,4.0,321.77,28.33,11.163
3.0,430,990,5.0,462.85,17.73,9.686
3.0,430,990,6.0,486.4,17.754,9.674
3.0,620,690,1.0,52.516000000000005,18.053,9.927999999999999
3.0,620,690,2.0,143.99,17.332,10.232000000000001
3.0,620,690,3.0,283.57,17.47,9.4949
3.0,620,690,4.0,322.6,28.415,11.744000000000002
3.0,620,690,5.0,466.32,17.78,10.112
3.0,620,690,6.0,488.77,17.743,10.104
3.0,530,720,1.0,52.528,18.090999999999998,10.002
3.0,530,720,2.0,144.27,17.43,9.5619
3.0,530,720,3.0,282.31,17.441,10.432
3.0,530,720,4.0,322.66,28.388,11.786
3.0,530,720,5.0,468.58,17.787,9.1353
3.0,530,720,6.0,488.59,17.768,10.175
3.0,630,870,1.0,52.54,18.058,9.0878
3.0,630,870,2.0,144.47,17.305,9.7101
3.0,630,870,3.0,283.94,17.508,9.4961
3.0,630,870,4.0,321.95,28.36,11.002
3.0,630,870,5.0,466.1,17.858,10.724
3.0,630,870,6.0,488.57,17.737000000000002,9.3212
3.0,530,990,1.0,51.905,18.046,9.366
3.0,530,990,2.0,143.3,17.279,8.5376
3.0,530,990,3.0,279.98,17.494,9.6787
3.0,530,990,4.0,321.82,28.323,11.023
3.0,530,990,5.0,463.91,17.767,9.039
3.0,530,990,6.0,486.13,17.765,9.5348
3.0,700,780,1.0,52.646,18.055999999999997,9.5058
3.0,700,780,2.0,144.17,17.449,11.155999999999999
3.0,700,780,3.0,282.45,17.597,10.478
3.0,700,780,4.0,322.09,28.377,11.515999999999998
3.0,700,780,5.0,468.21,17.691,9.0062
3.0,700,780,6.0,489.26,17.734,9.7275
3.0,690,870,1.0,52.54600000000001,18.052,8.8604
3.0,690,870,2.0,144.36,17.406,10.003
3.0,690,870,3.0,283.67,17.527,9.9475
3.0,690,870,4.0,321.69,28.355,10.852
3.0,690,870,5.0,468.18,17.923,10.138
3.0,690,870,6.0,488.69,17.734,9.1146
3.0,750,990,1.0,52.049,18.002,8.7582
3.0,750,990,2.0,142.96,17.323,10.044
3.0,750,990,3.0,280.21,17.468,10.102
3.0,750,990,4.0,321.31,28.316999999999997,10.645999999999999
3.0,750,990,5.0,464.79,17.687,8.9432
3.0,750,990,6.0,486.85,17.735,8.9683
3.0,830,890,1.0,52.419,18.06,8.224
3.0,830,890,2.0,144.8,17.294,9.3041
3.0,830,890,3.0,282.95,17.578,10.196
3.0,830,890,4.0,321.1,28.298000000000002,10.283
3.0,830,890,5.0,465.53,18.028,10.732000000000001
3.0,830,890,6.0,488.34,17.741,8.5197
3.0,830,990,1.0,52.012,18.011,8.3188
3.0,830,990,2.0,143.32,17.254,9.1134
3.0,830,990,3.0,280.03,17.575,9.6402
3.0,830,990,4.0,320.93,28.288,10.18
3.0,830,990,5.0,461.73,17.93,9.8476
3.0,830,990,6.0,486.67,17.732,8.552999999999999
4.0,70,120,1.0,52.082,18.037,7.9546
4.0,70,120,2.0,144.37,17.315,8.6436
4.0,70,120,3.0,283.47,17.515,9.2691
4.0,70,120,4.0,320.53,28.266,9.8859
4.0,70,120,5.0,467.93,17.785,9.8557
4.0,70,120,6.0,486.46,17.733,8.2426
4.0,70,280,1.0,52.218999999999994,18.027,8.6246
4.0,70,280,2.0,143.33,17.512,9.2788
4.0,70,280,3.0,282.34,17.588,9.4583
4.0,70,280,4.0,321.13,28.358,10.478
4.0,70,280,5.0,468.46,17.691,9.1463
4.0,70,280,6.0,487.18,17.723,8.8634
4.0,60,440,1.0,51.645,18.067999999999998,9.1966
4.0,60,440,2.0,143.49,17.403,8.9101
4.0,60,440,3.0,281.2,17.672,9.5965
4.0,60,440,4.0,321.37,28.320999999999998,10.972000000000001
4.0,60,440,5.0,465.5,18.0,9.6038
4.0,60,440,6.0,485.11,17.753,9.398
4.0,70,550,1.0,51.833,18.109,8.8937
4.0,70,550,2.0,144.1,17.366,8.6293
4.0,70,550,3.0,281.28,17.730999999999998,9.4339
4.0,70,550,4.0,321.94,28.343000000000004,10.661
4.0,70,550,5.0,466.62,18.002,9.4343
4.0,70,550,6.0,485.65,17.775,9.115
4.0,10,690,1.0,51.506,17.955,8.8605
4.0,10,690,2.0,141.13,17.435,9.5128
4.0,10,690,3.0,278.37,17.506,9.3823
4.0,10,690,4.0,320.73,28.336,10.664000000000001
4.0,10,690,5.0,460.97,17.909000000000002,9.4154
4.0,10,690,6.0,484.69,17.739,9.0705
4.0,90,720,1.0,52.21,18.041,8.6839
4.0,90,720,2.0,143.79,17.547,9.4676
4.0,90,720,3.0,282.78,17.558,9.7295
4.0,90,720,4.0,320.84,28.326,10.629000000000001
4.0,90,720,5.0,468.8,17.71,9.6078
4.0,90,720,6.0,487.26,17.735,8.943
4.0,60,860,1.0,51.887,18.023,8.2942
4.0,60,860,2.0,143.93,17.304000000000002,8.9268
4.0,60,860,3.0,282.55,17.567999999999998,9.4443
4.0,60,860,4.0,320.09,28.249000000000002,10.208
4.0,60,860,5.0,466.6,17.945,9.8829
4.0,60,860,6.0,485.93,17.726,8.5596
4.0,20,950,1.0,51.044,17.942,8.2557
4.0,20,950,2.0,141.44,17.229,8.6172
4.0,20,950,3.0,278.73,17.462,8.8724
4.0,20,950,4.0,319.96,28.245,10.008
4.0,20,950,5.0,461.88,17.669,9.1156
4.0,20,950,6.0,482.01,17.703,8.4824
4.0,200,270,1.0,52.67,18.069000000000003,9.2083
4.0,200,270,2.0,143.92,17.53,10.329
4.0,200,270,3.0,280.59,17.793,10.440999999999999
4.0,200,270,4.0,321.16,28.381999999999998,11.187000000000001
4.0,200,270,5.0,465.81,17.744,9.7111
4.0,200,270,6.0,489.23,17.745,9.443999999999999
4.0,180,410,1.0,52.37,18.097,9.3659
4.0,180,410,2.0,144.54,17.355,9.8494
4.0,180,410,3.0,282.28,17.955,10.215
4.0,180,410,4.0,321.98,28.396,11.273
4.0,180,410,5.0,462.68,17.768,10.56
4.0,180,410,6.0,488.12,17.759,9.5858
4.0,220,510,1.0,52.303999999999995,18.201,9.5354
4.0,220,510,2.0,144.35,17.41,9.4682
4.0,220,510,3.0,278.67,17.746,10.514000000000001
4.0,220,510,4.0,322.2,28.386,11.4
4.0,220,510,5.0,466.46,17.662,9.7368
4.0,220,510,6.0,487.96,17.843,9.7444
4.0,210,600,1.0,52.353,18.08,9.3545
4.0,210,600,2.0,143.63,17.453,9.8162
4.0,210,600,3.0,281.28,17.741,10.066
4.0,210,600,4.0,321.88,28.410999999999998,11.244000000000002
4.0,210,600,5.0,461.44,17.587,10.475999999999999
4.0,210,600,6.0,487.99,17.758,9.5725
4.0,230,810,1.0,52.644,18.072,8.9596
4.0,230,810,2.0,144.09,17.313,10.129
4.0,230,810,3.0,280.3,17.831,10.638
4.0,230,810,4.0,320.95,28.366,10.967
4.0,230,810,5.0,464.01,17.825,10.388
4.0,230,810,6.0,489.19,17.749000000000002,9.2114
4.0,170,920,1.0,52.201,18.051,8.3526
4.0,170,920,2.0,144.32,17.317,9.2464
4.0,170,920,3.0,282.11,17.637999999999998,9.9334
4.0,170,920,4.0,320.37,28.278000000000002,10.341
4.0,170,920,5.0,464.5,17.980999999999998,10.335
4.0,170,920,6.0,487.22,17.741,8.6316
4.0,170,980,1.0,51.799,18.000999999999998,8.4413
4.0,170,980,2.0,142.84,17.250999999999998,9.0854
4.0,170,980,3.0,278.79,17.634,9.5192
4.0,170,980,4.0,320.18,28.267,10.293
4.0,170,980,5.0,459.69,18.129,9.7505
4.0,170,980,6.0,485.5,17.723,8.6794
4.0,360,360,,,,
4.0,350,560,1.0,52.178000000000004,18.102999999999998,10.118
4.0,350,560,2.0,143.32,17.39,9.771
4.0,350,560,3.0,282.5,17.721,9.5404
4.0,350,560,4.0,322.9,28.473000000000003,11.869000000000002
4.0,350,560,5.0,462.54,18.265,10.308
4.0,350,560,6.0,487.4,17.782,10.283
4.0,270,620,1.0,52.50899999999999,18.067,9.5472
4.0,270,620,2.0,143.69,17.489,10.323
4.0,270,620,3.0,282.5,17.627,9.8078
4.0,270,620,4.0,322.41,28.445,11.442
4.0,270,620,5.0,465.24,17.718,9.7048
4.0,270,620,6.0,488.76,17.746,9.7545
4.0,320,810,1.0,52.593,18.066,9.2987
4.0,320,810,2.0,143.93,17.354,10.277999999999999
4.0,320,810,3.0,281.58,17.906,9.9655
4.0,320,810,4.0,321.53,28.398000000000003,11.238
4.0,320,810,5.0,464.66,17.892,10.144
4.0,320,810,6.0,488.97,17.743,9.5244
4.0,270,880,1.0,52.497,18.049,8.7893
4.0,270,880,2.0,143.88,17.523,9.9204
4.0,270,880,3.0,282.54,17.593,10.202
4.0,270,880,4.0,320.9,28.35,10.775
4.0,270,880,5.0,468.26,17.797,9.7279
4.0,270,880,6.0,488.32,17.739,9.0448
4.0,360,990,1.0,51.412,17.963,9.0467
4.0,360,990,2.0,141.24,17.237000000000002,9.4382
4.0,360,990,3.0,278.88,17.434,8.8861
4.0,360,990,4.0,320.95,28.346,10.798
4.0,360,990,5.0,456.95,17.849,9.7291
4.0,360,990,6.0,484.38,17.746,9.2434
4.0,450,470,1.0,52.169,18.217,10.236
4.0,450,470,2.0,144.89,17.387,8.9199
4.0,450,470,3.0,280.71,17.673,10.412
4.0,450,470,4.0,323.37,28.43,11.927
4.0,450,470,5.0,467.92,18.005,9.538
4.0,450,470,6.0,487.44,17.831,10.387
4.0,430,650,1.0,52.25899999999999,18.089000000000002,10.032
4.0,430,650,2.0,143.36,17.395,9.7937
4.0,430,650,3.0,282.95,17.722,9.5723
4.0,430,650,4.0,322.91,28.475,11.798
4.0,430,650,5.0,462.98,18.227999999999998,10.318
4.0,430,650,6.0,487.29,17.78,10.202
4.0,400,800,1.0,52.335,18.090999999999998,9.4062
4.0,400,800,2.0,143.84,17.444000000000003,9.9615
4.0,400,800,3.0,281.03,17.803,10.075
4.0,400,800,4.0,321.87,28.416999999999998,11.311
4.0,400,800,5.0,460.24,17.633,10.405
4.0,400,800,6.0,487.99,17.757,9.626
4.0,480,920,1.0,52.038999999999994,18.133,9.1659
4.0,480,920,2.0,144.48,17.297,8.9049
4.0,480,920,3.0,281.74,17.508,9.7932
4.0,480,920,4.0,321.74,28.32,10.991
4.0,480,920,5.0,468.19,17.866,9.5754
4.0,480,920,6.0,486.59,17.8,9.3839
4.0,500,990,1.0,51.195,18.142,9.2534
4.0,500,990,2.0,142.36,17.22,8.6708
4.0,500,990,3.0,276.08,17.405,9.6522
4.0,500,990,4.0,321.39,28.340999999999998,10.950999999999999
4.0,500,990,5.0,462.17,17.687,9.0769
4.0,500,990,6.0,483.23,17.816,9.4324
4.0,570,690,1.0,52.38,18.082,9.8819
4.0,570,690,2.0,143.46,17.427,9.9885
4.0,570,690,3.0,282.32,17.445,9.9005
4.0,570,690,4.0,322.65,28.461,11.692
4.0,570,690,5.0,465.69,17.699,10.103
4.0,570,690,6.0,488.25,17.766,10.06
4.0,590,800,1.0,52.428999999999995,18.101,9.5822
4.0,590,800,2.0,144.35,17.29,10.007
4.0,590,800,3.0,281.02,18.188,10.03
4.0,590,800,4.0,321.96,28.404,11.467
4.0,590,800,5.0,462.18,17.839000000000002,10.387
4.0,590,800,6.0,488.27,17.76,9.7896
4.0,630,910,1.0,52.305,18.052,9.314
4.0,630,910,2.0,144.15,17.323,9.6259
4.0,630,910,3.0,284.0,17.493,9.175
4.0,630,910,4.0,321.66,28.361,11.164000000000001
4.0,630,910,5.0,466.43,17.808,10.472000000000001
4.0,630,910,6.0,487.36,17.738,9.5267
4.0,590,990,1.0,51.393,18.008,9.2416
4.0,590,990,2.0,141.95,17.302,9.2421
4.0,590,990,3.0,278.36,17.618,9.408
4.0,590,990,4.0,321.23,28.343000000000004,10.98
4.0,590,990,5.0,458.25,17.727,9.7756
4.0,590,990,6.0,484.07,17.768,9.4228
4.0,690,730,1.0,52.599,18.045,9.4825
4.0,690,730,2.0,143.23,17.637,10.565999999999999
4.0,690,730,3.0,282.45,17.624000000000002,10.027000000000001
4.0,690,730,4.0,321.99,28.44,11.386
4.0,690,730,5.0,468.47,17.885,9.2348
4.0,690,730,6.0,489.11,17.735,9.6883
4.0,760,920,1.0,52.292,18.045,8.7386
4.0,760,920,2.0,144.12,17.337,9.6157
4.0,760,920,3.0,282.18,17.587,9.9579
4.0,760,920,4.0,320.94,28.311,10.695
4.0,760,920,5.0,467.99,17.745,9.7562
4.0,760,920,6.0,487.56,17.735,8.9894
4.0,680,960,1.0,52.101000000000006,18.016,8.9554
4.0,680,960,2.0,143.16,17.389,9.5447
4.0,680,960,3.0,281.96,17.547,8.854
4.0,680,960,4.0,321.5,28.351,10.749
4.0,680,960,5.0,466.33,17.855,9.522
4.0,680,960,6.0,486.02,17.715,9.1671
4.0,840,930,1.0,52.221000000000004,18.047,8.347999999999999
4.0,840,930,2.0,144.37,17.284000000000002,9.1161
4.0,840,930,3.0,282.24,17.657,9.7203
4.0,840,930,4.0,320.16,28.266,10.309000000000001
4.0,840,930,5.0,465.31,18.227999999999998,10.125
4.0,840,930,6.0,486.9,17.738,8.6177
4.0,850,990,1.0,51.511,17.977999999999998,8.5034
4.0,850,990,2.0,142.26,17.215,9.113
4.0,850,990,3.0,277.73,17.602,9.531
4.0,850,990,4.0,319.87,28.254,10.335
4.0,850,990,5.0,457.66,18.274,9.788
4.0,850,990,6.0,484.26,17.732,8.7215
5.0,10,140,1.0,50.883,17.939,8.5247
5.0,10,140,2.0,140.9,17.174,9.0972
5.0,10,140,3.0,275.29,17.544,9.5477
5.0,10,140,4.0,318.75,28.217,10.35
5.0,10,140,5.0,453.2,18.241,9.8062
5.0,10,140,6.0,480.96,17.727,8.7417
5.0,20,310,1.0,51.23,17.934,9.0967
5.0,20,310,2.0,140.05,17.461,9.6184
5.0,20,310,3.0,278.22,17.598,9.3782
5.0,20,310,4.0,320.55,28.361,10.884
5.0,20,310,5.0,460.26,18.044,9.5645
5.0,20,310,6.0,481.52,17.723,9.2917
5.0,20,380,1.0,51.141000000000005,17.977999999999998,9.248
5.0,20,380,2.0,141.13,17.303,9.4744
5.0,20,380,3.0,278.35,17.547,9.2625
5.0,20,380,4.0,321.04,28.37,11.012
5.0,20,380,5.0,457.29,17.619,9.9285
5.0,20,380,6.0,481.05,17.745,9.4386
5.0,90,520,1.0,51.66,18.235,9.0008
5.0,90,520,2.0,144.73,17.345,8.3865
5.0,90,520,3.0,279.84,17.545,9.7183
5.0,90,520,4.0,321.43,28.325,10.812000000000001
5.0,90,520,5.0,469.13,17.898,9.5159
5.0,90,520,6.0,483.7,17.886,9.2355
5.0,70,590,1.0,51.315,18.04,9.0871
5.0,70,590,2.0,142.88,17.324,9.2515
5.0,70,590,3.0,282.03,17.781,9.3957
5.0,70,590,4.0,321.08,28.355,10.915
5.0,70,590,5.0,463.6,17.704,9.9579
5.0,70,590,6.0,482.94,17.743,9.3092
5.0,70,710,1.0,51.571999999999996,17.994,8.8313
5.0,70,710,2.0,142.18,17.724,9.479
5.0,70,710,3.0,281.59,17.564,9.5156
5.0,70,710,4.0,320.28,28.338,10.708
5.0,70,710,5.0,469.05,17.84,9.3907
5.0,70,710,6.0,484.11,17.713,9.0694
5.0,50,830,1.0,51.345,17.992,8.4862
5.0,50,830,2.0,142.66,17.332,9.2114
5.0,50,830,3.0,279.82,17.753,9.7479
5.0,50,830,4.0,319.55,28.250999999999998,10.415
5.0,50,830,5.0,463.01,18.232,10.06
5.0,50,830,6.0,482.21,17.703,8.748
5.0,100,970,1.0,50.806000000000004,17.941,8.37
5.0,100,970,2.0,141.67,17.241,8.8455
5.0,100,970,3.0,279.55,17.496,9.2231
5.0,100,970,4.0,319.17,28.206,10.215
5.0,100,970,5.0,463.22,17.817,9.5822
5.0,100,970,6.0,479.52,17.679000000000002,8.6193
5.0,140,230,1.0,52.513999999999996,18.07,8.9456
5.0,140,230,2.0,144.37,17.457,9.7981
5.0,140,230,3.0,281.31,17.766,10.315
5.0,140,230,4.0,319.96,28.343000000000004,10.933
5.0,140,230,5.0,463.81,18.062,10.389000000000001
5.0,140,230,6.0,488.04,17.761,9.198
5.0,190,350,1.0,52.312,18.059,9.2525
5.0,190,350,2.0,142.64,17.352,10.017999999999999
5.0,190,350,3.0,280.81,18.112000000000002,9.876
5.0,190,350,4.0,321.19,28.432,11.167
5.0,190,350,5.0,456.34,18.355,10.385
5.0,190,350,6.0,487.61,17.743,9.4777
5.0,140,550,1.0,51.613,18.238,9.4366
5.0,140,550,2.0,144.66,17.465999999999998,9.445
5.0,140,550,3.0,278.68,17.775,10.197000000000001
5.0,140,550,4.0,321.32,28.374000000000002,11.325
5.0,140,550,5.0,460.13,18.835,10.302999999999999
5.0,140,550,6.0,484.36,17.855999999999998,9.661
5.0,150,590,1.0,51.986000000000004,18.124000000000002,9.3107
5.0,150,590,2.0,144.26,17.438,9.7393
5.0,150,590,3.0,281.44,17.587,10.059
5.0,150,590,4.0,321.27,28.389,11.225999999999999
5.0,150,590,5.0,457.44,18.766,10.523
5.0,150,590,6.0,486.17,17.785,9.5399
5.0,230,780,1.0,52.658,18.072,8.9294
5.0,230,780,2.0,143.46,17.335,10.224
5.0,230,780,3.0,278.68,17.88,10.710999999999999
5.0,230,780,4.0,320.69,28.398000000000003,10.937000000000001
5.0,230,780,5.0,463.91,17.543,10.272
5.0,230,780,6.0,489.36,17.754,9.181000000000001
5.0,150,910,1.0,52.081,18.064,8.6543
5.0,150,910,2.0,144.75,17.311,9.3202
5.0,150,910,3.0,282.48,17.764,9.8252
5.0,150,910,4.0,319.38,28.253,10.636
5.0,150,910,5.0,463.51,18.636,10.402999999999999
5.0,150,910,6.0,485.54,17.759,8.9215
5.0,230,990,1.0,51.052,17.928,8.667
5.0,230,990,2.0,140.15,17.34,9.7298
5.0,230,990,3.0,273.65,17.736,10.116
5.0,230,990,4.0,319.37,28.284000000000002,10.565
5.0,230,990,5.0,455.84,17.660999999999998,9.829
5.0,230,990,6.0,482.13,17.733,8.9152
5.0,350,380,1.0,52.339,18.070999999999998,9.7886
5.0,350,380,2.0,143.04,17.358,10.01
5.0,350,380,3.0,283.72,17.523,9.2221
5.0,350,380,4.0,322.92,28.513,11.583
5.0,350,380,5.0,461.94,17.996,10.372
5.0,350,380,6.0,487.95,17.774,9.9681
5.0,310,490,1.0,52.011,18.27,9.8308
5.0,310,490,2.0,143.78,17.486,9.6471
5.0,310,490,3.0,278.93,17.429000000000002,10.212
5.0,310,490,4.0,322.96,28.471,11.652000000000001
5.0,310,490,5.0,467.74,17.785999999999998,9.4185
5.0,310,490,6.0,486.55,17.906,10.019
5.0,280,640,1.0,52.406000000000006,18.052,9.6567
5.0,280,640,2.0,142.48,17.664,10.299000000000001
5.0,280,640,3.0,282.82,17.566,9.5844
5.0,280,640,4.0,322.15,28.495,11.525
5.0,280,640,5.0,464.58,18.022000000000002,9.8951
5.0,280,640,6.0,488.12,17.753,9.8546
5.0,320,790,1.0,52.49100000000001,18.049,9.3759
5.0,320,790,2.0,142.22,17.442,10.267999999999999
5.0,320,790,3.0,279.58,18.284000000000002,9.9614
5.0,320,790,4.0,321.09,28.441999999999997,11.279000000000002
5.0,320,790,5.0,462.73,18.319000000000003,10.009
5.0,320,790,6.0,488.57,17.738,9.5914
5.0,300,870,1.0,52.218,18.038,9.0731
5.0,300,870,2.0,142.25,17.905,9.9416
5.0,300,870,3.0,281.39,17.805,9.9063
5.0,300,870,4.0,320.16,28.375999999999998,11.023
5.0,300,870,5.0,464.64,17.959,10.134
5.0,300,870,6.0,486.92,17.737000000000002,9.3143
5.0,330,990,1.0,50.913000000000004,17.910999999999998,9.2662
5.0,330,990,2.0,139.76,17.383,10.043
5.0,330,990,3.0,277.09,17.449,9.1868
5.0,330,990,4.0,320.19,28.346999999999998,11.046
5.0,330,990,5.0,456.37,18.082,9.4351
5.0,330,990,6.0,481.52,17.742,9.469
5.0,460,570,1.0,51.595,18.274,9.9135
5.0,460,570,2.0,144.13,17.293,9.4668
5.0,460,570,3.0,277.98,17.519000000000002,10.119
5.0,460,570,4.0,323.58,28.489,11.707
5.0,460,570,5.0,460.73,17.458,9.9701
5.0,460,570,6.0,484.76,17.879,10.097999999999999
5.0,490,630,1.0,51.92100000000001,18.285,10.14
5.0,490,630,2.0,144.22,17.297,9.3448
5.0,490,630,3.0,279.95,17.444000000000003,9.9268
5.0,490,630,4.0,323.36,28.499000000000002,11.89
5.0,490,630,5.0,464.77,18.093,9.5731
5.0,490,630,6.0,486.08,17.906,10.306
5.0,460,810,1.0,52.075,18.224,9.3865
5.0,460,810,2.0,144.4,17.461,9.6633
5.0,460,810,3.0,277.22,17.691,10.417
5.0,460,810,4.0,321.71,28.401,11.293
5.0,460,810,5.0,461.31,18.23,10.179
5.0,460,810,6.0,486.73,17.849,9.6113
5.0,450,880,1.0,51.758,18.195999999999998,9.0929
5.0,450,880,2.0,144.57,17.445999999999998,9.1492
5.0,450,880,3.0,280.07,17.802,9.9142
5.0,450,880,4.0,321.37,28.355,10.975999999999999
5.0,450,880,5.0,463.69,18.37,10.173
5.0,450,880,6.0,484.66,17.831,9.3255
5.0,480,990,1.0,50.618,18.076,9.7231
5.0,480,990,2.0,140.94,17.21,8.7137
5.0,480,990,3.0,273.77,17.47,9.8788
5.0,480,990,4.0,320.86,28.323,11.357000000000001
5.0,480,990,5.0,457.76,17.795,9.3539
5.0,480,990,6.0,480.06,17.815,9.8858
5.0,630,660,1.0,52.196999999999996,18.05,9.7306
5.0,630,660,2.0,141.93,17.358,10.121
5.0,630,660,3.0,283.89,17.511,9.2279
5.0,630,660,4.0,322.57,28.543000000000003,11.519
5.0,630,660,5.0,459.76,18.354,10.276
5.0,630,660,6.0,487.39,17.769000000000002,9.9092
5.0,570,710,1.0,52.163999999999994,18.129,9.8526
5.0,570,710,2.0,142.69,17.605,9.9426
5.0,570,710,3.0,279.77,17.496,10.052999999999999
5.0,570,710,4.0,322.53,28.51,11.651
5.0,570,710,5.0,464.18,17.951,9.7469
5.0,570,710,6.0,486.88,17.797,10.033999999999999
5.0,620,850,1.0,52.162,18.072,9.51
5.0,620,850,2.0,143.77,17.361,9.7717
5.0,620,850,3.0,282.61,17.959,9.8272
5.0,620,850,4.0,321.1,28.409000000000002,11.388
5.0,620,850,5.0,455.75,18.57,10.589
5.0,620,850,6.0,486.43,17.764,9.7212
5.0,530,990,1.0,50.666000000000004,18.070999999999998,10.007
5.0,530,990,2.0,140.94,17.262,8.3514
5.0,530,990,3.0,273.99,17.447,10.146
5.0,530,990,4.0,320.84,28.316,11.581
5.0,530,990,5.0,457.98,17.866,8.9602
5.0,530,990,6.0,480.27,17.816,10.145
5.0,680,790,1.0,52.52,18.053,9.2185
5.0,680,790,2.0,142.44,17.64,10.072000000000001
5.0,680,790,3.0,279.65,17.934,9.9516
5.0,680,790,4.0,321.14,28.441999999999997,11.127
5.0,680,790,5.0,462.22,17.855999999999998,10.067
5.0,680,790,6.0,488.67,17.742,9.4398
5.0,670,850,1.0,52.239,18.064,9.2871
5.0,670,850,2.0,143.24,17.476,10.012
5.0,670,850,3.0,282.09,17.521,9.7688
5.0,670,850,4.0,320.73,28.401999999999997,11.216
5.0,670,850,5.0,458.78,19.272000000000002,10.390999999999998
5.0,670,850,6.0,487.19,17.750999999999998,9.5149
5.0,750,990,1.0,51.037,17.910999999999998,8.815
5.0,750,990,2.0,138.97,17.588,9.4712
5.0,750,990,3.0,273.38,17.523,9.572000000000001
5.0,750,990,4.0,319.48,28.307,10.593
5.0,750,990,5.0,458.4,17.734,9.2703
5.0,750,990,6.0,482.02,17.726,9.0088
5.0,830,870,1.0,52.211000000000006,18.089000000000002,8.7537
5.0,830,870,2.0,144.91,17.317999999999998,9.5229
5.0,830,870,3.0,281.08,17.963,10.09
5.0,830,870,4.0,319.3,28.274,10.75
5.0,830,870,5.0,459.21,18.803,10.419
5.0,830,870,6.0,487.02,17.771,9.0233
5.0,820,990,1.0,51.015,17.937,8.6812
5.0,820,990,2.0,140.56,17.233,9.3798
5.0,820,990,3.0,273.95,17.883,9.7103
5.0,820,990,4.0,318.85,28.241,10.504000000000001
5.0,820,990,5.0,453.55,17.642,9.9112
5.0,820,990,6.0,481.66,17.730999999999998,8.8861
