Index,Mode,Frequency,Max_Deflection,Average_Deflection
0.0,1.0,52.976,18.084,9.0351
0.0,2.0,145.92,17.293,9.3771
0.0,3.0,285.99,17.43,9.5803
0.0,4.0,323.4,28.366,10.872
0.0,5.0,472.81,17.537,9.719
0.0,6.0,489.85,17.734,9.2553
1.0,1.0,52.618,18.051,7.3559
1.0,2.0,144.89,17.276,8.1888
1.0,3.0,283.94,17.488,9.0011
1.0,4.0,322.78,28.34,9.2718
1.0,5.0,469.3,17.681,9.7715
1.0,6.0,489.23,17.727,7.67
2.0,1.0,52.709,18.06,8.4753
2.0,2.0,145.17,17.286,9.2486
2.0,3.0,284.5,17.499,9.4812
2.0,4.0,322.86,28.342,10.355
2.0,5.0,470.23,17.691,9.2448
2.0,6.0,489.26,17.728,8.7298
3.0,1.0,52.689,18.05,8.7091
3.0,2.0,144.99,17.295,8.5732
3.0,3.0,284.09,17.542,9.3828
3.0,4.0,322.73,28.335,10.506
3.0,5.0,469.01,17.699,9.8724
3.0,6.0,489.25,17.728,8.949
4.0,1.0,52.653,18.053,9.1586
4.0,2.0,144.92,17.299,8.1374
4.0,3.0,283.7,17.531,9.4969
4.0,4.0,322.75,28.331,10.808
4.0,5.0,468.69,17.71,8.7951
4.0,6.0,489.24,17.728,9.3492
5.0,1.0,52.648,18.053,8.9465
5.0,2.0,145.2,17.281,9.2527
5.0,3.0,284.02,17.525,8.329
5.0,4.0,322.74,28.335,10.661
5.0,5.0,469.35,17.702,9.5986
5.0,6.0,489.23,17.726,9.1513
6.0,1.0,52.718,18.062,9.7073
6.0,2.0,145.28,17.292,10.017
6.0,3.0,284.24,17.485,9.9166
6.0,4.0,322.83,28.345,11.582
6.0,5.0,470.27,17.706,10.681
6.0,6.0,489.3,17.73,9.905
7.0,1.0,52.674,18.058,7.7608
7.0,2.0,144.92,17.3,8.513
7.0,3.0,283.75,17.496,9.2927
7.0,4.0,322.76,28.339,9.7144
7.0,5.0,468.61,17.698,10.001
7.0,6.0,489.26,17.728,8.0672
8.0,1.0,52.637,18.052,7.9268
8.0,2.0,144.76,17.284,8.616
8.0,3.0,283.34,17.496,9.2195
8.0,4.0,322.55,28.332,9.8135
8.0,5.0,467.71,17.679,9.7689
8.0,6.0,489.22,17.727,8.2049
9.0,1.0,52.691,18.059,9.2092
9.0,2.0,145.22,17.289,10.628
9.0,3.0,284.54,17.483,10.607
9.0,4.0,322.85,28.344,11.251
9.0,5.0,470.13,17.687,10.039
9.0,6.0,489.31,17.728,9.4537
10.0,1.0,52.679,18.058,9.5272
10.0,2.0,145.2,17.319,10.113
10.0,3.0,284.3,17.472,10.757
10.0,4.0,322.81,28.338,11.48
10.0,5.0,469.26,17.711,10.65
10.0,6.0,489.28,17.729,9.7452
11.0,1.0,52.71,18.051,9.4473
11.0,2.0,145.07,17.312,8.9738
11.0,3.0,284.42,17.515,10.94
11.0,4.0,322.84,28.337,11.347
11.0,5.0,469.72,17.703,10.373
11.0,6.0,489.3,17.729,9.6677
12.0,1.0,52.671,18.061,9.2879
12.0,2.0,145.54,17.308,11.136
12.0,3.0,284.95,17.53,10.94
12.0,4.0,322.84,28.34,11.402
12.0,5.0,469.59,17.732,10.046
12.0,6.0,489.29,17.728,9.5386
13.0,1.0,52.668,18.059,9.2203
13.0,2.0,145.16,17.291,11.009
13.0,3.0,284.19,17.506,11.19
13.0,4.0,322.81,28.342,11.316
13.0,5.0,469.3,17.689,9.5758
13.0,6.0,489.3,17.728,9.4719
14.0,1.0,52.608,18.052,8.3272
14.0,2.0,144.83,17.295,9.8436
14.0,3.0,283.69,17.458,11.002
14.0,4.0,322.74,28.336,10.481
14.0,5.0,468.27,17.689,11.357
14.0,6.0,489.26,17.728,8.626
15.0,1.0,52.576,18.046,7.9273
15.0,2.0,144.71,17.278,9.1247
15.0,3.0,283.47,17.483,10.003
15.0,4.0,322.49,28.327,9.8877
15.0,5.0,468.39,17.67,10.354
15.0,6.0,489.17,17.728,8.2006
16.0,1.0,52.694,18.059,9.9838
16.0,2.0,145.25,17.289,10.991
16.0,3.0,284.24,17.504,9.6195
16.0,4.0,322.83,28.348,11.886
16.0,5.0,469.41,17.704,9.3778
16.0,6.0,489.29,17.728,10.177
17.0,1.0,52.714,18.058,10.239
17.0,2.0,145.22,17.288,10.144
17.0,3.0,284.44,17.51,10.06
17.0,4.0,322.87,28.344,12.039
17.0,5.0,470.12,17.714,9.4083
17.0,6.0,489.31,17.729,10.404
18.0,1.0,52.673,18.059,9.8585
18.0,2.0,145.21,17.301,10.785
18.0,3.0,284.27,17.498,9.6905
18.0,4.0,322.83,28.339,11.768
18.0,5.0,469.52,17.733,9.2532
18.0,6.0,489.29,17.728,10.053
19.0,1.0,52.678,18.054,9.5487
19.0,2.0,145.01,17.291,10.876
19.0,3.0,284.18,17.494,10.108
19.0,4.0,322.88,28.342,11.534
19.0,5.0,469.99,17.702,9.0802
19.0,6.0,489.29,17.728,9.7653
20.0,1.0,52.658,18.055,9.5405
20.0,2.0,145.03,17.292,10.843
20.0,3.0,283.97,17.467,9.3374
20.0,4.0,322.79,28.341,11.538
20.0,5.0,469.08,17.717,11.363
20.0,6.0,489.28,17.728,9.7684
21.0,1.0,52.596,18.055,8.9378
21.0,2.0,144.95,17.287,9.9546
21.0,3.0,283.24,17.482,9.4794
21.0,4.0,322.45,28.334,10.77
21.0,5.0,468.3,17.688,8.3304
21.0,6.0,489.24,17.727,9.1491
23.0,1.0,52.699,18.057,10.886
23.0,2.0,145.3,17.286,9.279
23.0,3.0,284.49,17.547,9.5478
23.0,4.0,322.87,28.34,12.549
23.0,5.0,469.42,17.722,9.5935
23.0,6.0,489.29,17.73,11.004
24.0,1.0,52.72,18.051,10.195
24.0,2.0,145.17,17.286,9.7058
24.0,3.0,284.17,17.514,10.746
24.0,4.0,322.88,28.344,12.021
24.0,5.0,469.81,17.768,9.2625
24.0,6.0,489.28,17.729,10.364
25.0,1.0,52.68,18.054,8.9615
25.0,2.0,144.98,17.295,9.0173
25.0,3.0,283.96,17.517,9.6692
25.0,4.0,322.78,28.335,10.836
25.0,5.0,468.77,17.694,10.652
25.0,6.0,489.28,17.729,9.2021
26.0,1.0,52.732,18.057,9.0832
26.0,2.0,145.04,17.296,8.8076
26.0,3.0,283.93,17.526,9.116
26.0,4.0,322.84,28.337,10.805
26.0,5.0,468.6,17.721,9.8079
26.0,6.0,489.27,17.729,9.292
27.0,1.0,52.7,18.057,11.119
27.0,2.0,145.32,17.303,9.3945
27.0,3.0,284.35,17.556,9.6577
27.0,4.0,322.85,28.342,12.75
27.0,5.0,469.23,17.69,10.011
27.0,6.0,489.29,17.729,11.224
28.0,1.0,52.679,18.057,10.123
28.0,2.0,145.02,17.287,9.9061
28.0,3.0,284.14,17.484,10.129
28.0,4.0,322.85,28.351,11.921
28.0,5.0,469.11,17.679,10.358
28.0,6.0,489.29,17.729,10.292
29.0,1.0,52.688,18.054,9.5513
29.0,2.0,145.02,17.294,9.3477
29.0,3.0,284.17,17.506,9.4265
29.0,4.0,322.87,28.343,11.35
29.0,5.0,469.7,17.734,10.667
29.0,6.0,489.28,17.728,9.7502
30.0,1.0,52.748,18.059,9.0657
30.0,2.0,145.16,17.294,8.4074
30.0,3.0,284.33,17.505,8.9604
30.0,4.0,322.85,28.339,10.685
30.0,5.0,469.73,17.713,9.5109
30.0,6.0,489.23,17.728,9.2608
31.0,1.0,52.691,18.059,9.3545
31.0,2.0,145.22,17.289,10.724
31.0,3.0,284.53,17.497,10.416
31.0,4.0,322.85,28.344,11.368
31.0,5.0,470.05,17.686,9.6803
31.0,6.0,489.31,17.728,9.5886
32.0,1.0,52.618,18.053,7.9354
32.0,2.0,144.86,17.302,8.8758
32.0,3.0,283.75,17.477,9.4739
32.0,4.0,322.61,28.329,9.8772
32.0,5.0,468.94,17.698,9.6146
32.0,6.0,489.24,17.728,8.2236
33.0,1.0,52.718,18.06,8.2977
33.0,2.0,145.18,17.282,9.4067
33.0,3.0,284.32,17.491,9.4495
33.0,4.0,322.82,28.343,10.165
33.0,5.0,469.54,17.688,8.488
33.0,6.0,489.25,17.727,8.5575
34.0,1.0,52.712,18.059,8.3551
34.0,2.0,145.15,17.283,9.6208
34.0,3.0,284.5,17.491,10.469
34.0,4.0,322.83,28.342,10.422
34.0,5.0,470.2,17.685,10.675
34.0,6.0,489.3,17.728,8.6466
35.0,1.0,52.644,18.048,7.8085
35.0,2.0,144.81,17.283,8.5719
35.0,3.0,283.66,17.477,9.2385
35.0,4.0,322.56,28.329,9.6789
35.0,5.0,468.88,17.647,9.8079
35.0,6.0,489.24,17.728,8.0755
36.0,1.0,52.587,18.051,7.6279
36.0,2.0,144.83,17.286,8.5385
36.0,3.0,283.69,17.485,9.2892
36.0,4.0,322.61,28.334,9.5421
36.0,5.0,468.51,17.673,9.8068
36.0,6.0,489.16,17.727,7.9255
37.0,1.0,52.705,18.051,8.8921
37.0,2.0,144.98,17.323,9.5019
37.0,3.0,283.94,17.518,9.6946
37.0,4.0,322.7,28.335,10.802
37.0,5.0,469.77,17.728,9.7362
37.0,6.0,489.25,17.729,9.1319
38.0,1.0,52.523,18.045,8.7379
38.0,2.0,144.58,17.271,8.6515
38.0,3.0,283.13,17.515,8.6113
38.0,4.0,322.49,28.334,10.355
38.0,5.0,467.53,17.687,9.3047
38.0,6.0,489.03,17.73,8.9233
39.0,1.0,52.759,18.057,9.3148
39.0,2.0,145.2,17.285,8.3921
39.0,3.0,284.65,17.499,9.5193
39.0,4.0,322.86,28.343,10.967
39.0,5.0,470.12,17.7,9.364
39.0,6.0,489.24,17.73,9.5059
40.0,1.0,52.626,18.054,9.1228
40.0,2.0,144.96,17.279,9.2876
40.0,3.0,284.01,17.495,9.4201
40.0,4.0,322.59,28.334,10.965
40.0,5.0,469.35,17.689,10.619
40.0,6.0,489.2,17.729,9.3463
41.0,1.0,52.658,18.057,8.6611
41.0,2.0,145.07,17.287,9.5695
41.0,3.0,284.08,17.508,9.9664
41.0,4.0,322.73,28.338,10.63
41.0,5.0,469.29,17.7,9.8519
41.0,6.0,489.25,17.729,8.9214
42.0,1.0,52.524,18.043,7.823
42.0,2.0,144.58,17.293,8.5393
42.0,3.0,283.06,17.482,9.0624
42.0,4.0,322.33,28.317,9.6161
42.0,5.0,467.47,17.695,9.347
42.0,6.0,489.06,17.726,8.0775
43.0,1.0,52.542,18.043,8.0084
43.0,2.0,144.64,17.28,8.4518
43.0,3.0,283.3,17.487,8.7717
43.0,4.0,322.29,28.318,9.7477
43.0,5.0,468.03,17.689,9.0749
43.0,6.0,489.07,17.727,8.2441
44.0,1.0,52.655,18.055,9.4516
44.0,2.0,144.88,17.294,10.436
44.0,3.0,283.97,17.487,9.8678
44.0,4.0,322.73,28.36,11.393
44.0,5.0,468.93,17.68,10.127
44.0,6.0,489.27,17.729,9.6678
45.0,1.0,52.662,18.057,9.5537
45.0,2.0,144.98,17.285,10.309
45.0,3.0,284.04,17.486,9.6407
45.0,4.0,322.81,28.35,11.472
45.0,5.0,468.95,17.679,10.562
45.0,6.0,489.28,17.729,9.7636
46.0,1.0,52.713,18.054,10.112
46.0,2.0,145.08,17.279,9.3204
46.0,3.0,284.37,17.521,10.532
46.0,4.0,322.79,28.344,11.869
46.0,5.0,469.7,17.702,10.143
46.0,6.0,489.29,17.731,10.279
47.0,1.0,52.742,18.052,9.389
47.0,2.0,145.13,17.295,10.197
47.0,3.0,284.55,17.52,9.7318
47.0,4.0,322.79,28.356,11.325
47.0,5.0,469.53,17.782,10.483
47.0,6.0,489.28,17.729,9.6115
48.0,1.0,52.676,18.056,8.7624
48.0,2.0,145.03,17.287,9.9692
48.0,3.0,283.91,17.506,10.539
48.0,4.0,322.74,28.342,10.801
48.0,5.0,468.99,17.679,10.352
48.0,6.0,489.28,17.729,9.0245
49.0,1.0,52.621,18.049,7.9571
49.0,2.0,144.86,17.303,9.2156
49.0,3.0,284.1,17.477,10.223
49.0,4.0,322.51,28.337,10.03
49.0,5.0,469.28,17.674,10.852
49.0,6.0,489.19,17.728,8.2629
50.0,1.0,52.557,18.045,8.2534
50.0,2.0,144.76,17.292,9.1804
50.0,3.0,283.47,17.501,9.658
50.0,4.0,322.31,28.323,10.114
50.0,5.0,467.64,17.699,9.5905
50.0,6.0,489.14,17.727,8.4977
51.0,1.0,52.643,18.06,9.7069
51.0,2.0,144.94,17.298,9.9396
51.0,3.0,283.69,17.492,9.9862
51.0,4.0,322.79,28.343,11.562
51.0,5.0,468.91,17.701,9.76
51.0,6.0,489.27,17.73,9.8998
52.0,1.0,52.697,18.052,10.322
52.0,2.0,145.08,17.292,9.5885
52.0,3.0,284.45,17.493,10.417
52.0,4.0,322.85,28.345,12.07
52.0,5.0,469.7,17.724,9.5191
52.0,6.0,489.29,17.73,10.477
53.0,1.0,52.685,18.057,10.344
53.0,2.0,145.06,17.283,10.095
53.0,3.0,284.24,17.487,8.9998
53.0,4.0,322.89,28.35,12.087
53.0,5.0,469.66,17.707,10.852
53.0,6.0,489.3,17.73,10.496
54.0,1.0,52.721,18.055,9.6375
54.0,2.0,145.32,17.284,10.438
54.0,3.0,284.55,17.524,9.9238
54.0,4.0,322.81,28.342,11.554
54.0,5.0,470.08,17.752,10.406
54.0,6.0,489.3,17.729,9.844
55.0,1.0,52.752,18.052,9.1434
55.0,2.0,145.15,17.289,9.9897
55.0,3.0,284.59,17.525,9.9868
55.0,4.0,322.78,28.353,11.115
55.0,5.0,469.54,17.788,10.593
55.0,6.0,489.29,17.729,9.3811
56.0,1.0,52.512,18.044,9.1681
56.0,2.0,144.6,17.274,9.5862
56.0,3.0,283.08,17.485,8.2905
56.0,4.0,322.31,28.331,10.881
56.0,5.0,467.76,17.659,9.6336
56.0,6.0,488.92,17.73,9.3547
57.0,1.0,52.704,18.058,10.972
57.0,2.0,145.1,17.279,8.3961
57.0,3.0,284.41,17.487,10.781
57.0,4.0,322.91,28.346,12.566
57.0,5.0,469.93,17.692,9.1914
57.0,6.0,489.29,17.734,11.077
58.0,1.0,52.642,18.061,10.084
58.0,2.0,145.0,17.288,10.254
58.0,3.0,283.81,17.489,9.8277
58.0,4.0,322.81,28.353,11.897
58.0,5.0,468.94,17.707,9.7098
58.0,6.0,489.24,17.73,10.258
59.0,1.0,52.718,18.062,9.7073
59.0,2.0,145.28,17.292,10.017
59.0,3.0,284.24,17.485,9.9166
59.0,4.0,322.83,28.345,11.582
59.0,5.0,470.27,17.706,10.681
59.0,6.0,489.3,17.73,9.905
60.0,1.0,52.66,18.06,9.7262
60.0,2.0,144.96,17.292,8.8449
60.0,3.0,283.78,17.474,10.608
60.0,4.0,322.74,28.339,11.538
60.0,5.0,469.15,17.691,9.7046
60.0,6.0,489.23,17.733,9.9141
61.0,1.0,52.583,18.043,9.2686
61.0,2.0,144.7,17.277,8.5498
61.0,3.0,283.48,17.495,9.2698
61.0,4.0,322.44,28.326,10.868
61.0,5.0,468.17,17.681,9.3204
61.0,6.0,489.14,17.729,9.4328
62.0,1.0,52.71,18.058,10.58
62.0,2.0,145.07,17.318,9.8369
62.0,3.0,283.97,17.507,9.7079
62.0,4.0,322.81,28.346,12.277
62.0,5.0,469.6,17.724,10.48
62.0,6.0,489.27,17.73,10.719
63.0,1.0,52.674,18.048,9.3527
63.0,2.0,144.95,17.295,9.904
63.0,3.0,284.07,17.514,10.754
63.0,4.0,322.77,28.339,11.306
63.0,5.0,468.41,17.674,10.498
63.0,6.0,489.25,17.73,9.5768
64.0,1.0,52.72,18.056,9.6013
64.0,2.0,145.09,17.305,9.1663
64.0,3.0,284.02,17.52,9.8075
64.0,4.0,322.75,28.339,11.375
64.0,5.0,470.19,17.7,10.319
64.0,6.0,489.2,17.73,9.7946
65.0,1.0,52.652,18.057,9.6725
65.0,2.0,144.92,17.292,8.3892
65.0,3.0,283.76,17.499,9.9466
65.0,4.0,322.64,28.337,11.336
65.0,5.0,468.81,17.705,9.087
65.0,6.0,489.12,17.73,9.8424
66.0,1.0,52.661,18.058,9.7097
66.0,2.0,145.02,17.287,11.114
66.0,3.0,283.89,17.481,9.9892
66.0,4.0,322.73,28.352,11.665
66.0,5.0,469.16,17.723,9.2088
66.0,6.0,489.28,17.728,9.9199
67.0,1.0,52.702,18.061,8.4726
67.0,2.0,145.25,17.301,9.5806
67.0,3.0,284.4,17.475,9.9808
67.0,4.0,322.79,28.346,10.484
67.0,5.0,469.84,17.692,9.8317
67.0,6.0,489.26,17.729,8.7523
68.0,1.0,52.726,18.063,8.6193
68.0,2.0,145.18,17.299,9.2364
68.0,3.0,284.17,17.489,8.916
68.0,4.0,322.77,28.346,10.447
68.0,5.0,469.74,17.708,9.3596
68.0,6.0,489.22,17.729,8.8637
69.0,1.0,52.62,18.053,7.8548
69.0,2.0,144.87,17.289,9.3821
69.0,3.0,283.66,17.495,10.622
69.0,4.0,322.51,28.332,10.01
69.0,5.0,468.24,17.7,11.264
69.0,6.0,489.2,17.729,8.1779
70.0,1.0,52.557,18.043,8.2855
70.0,2.0,144.67,17.283,9.293
70.0,3.0,283.79,17.51,10.263
70.0,4.0,322.55,28.335,10.245
70.0,5.0,468.84,17.647,10.259
70.0,6.0,489.04,17.73,8.5481
71.0,1.0,52.281,18.029,8.0075
71.0,2.0,144.01,17.271,8.5783
71.0,3.0,282.02,17.495,9.059
71.0,4.0,321.77,28.314,9.7952
71.0,5.0,465.35,17.692,9.3928
71.0,6.0,488.09,17.73,8.2467
72.0,1.0,52.618,18.054,8.727
72.0,2.0,144.76,17.334,9.656
72.0,3.0,284.14,17.515,9.7491
72.0,4.0,322.38,28.345,10.699
72.0,5.0,469.32,17.764,10.123
72.0,6.0,489.04,17.73,8.9872
73.0,1.0,52.635,18.057,9.613
73.0,2.0,145.04,17.343,9.2576
73.0,3.0,284.12,17.555,9.8835
73.0,4.0,322.39,28.331,11.414
73.0,5.0,469.38,17.794,10.374
73.0,6.0,488.87,17.737,9.8077
74.0,1.0,52.38,18.068,9.3469
74.0,2.0,144.56,17.284,8.4971
74.0,3.0,283.0,17.488,9.8502
74.0,4.0,322.55,28.335,11.046
74.0,5.0,468.62,17.688,9.0044
74.0,6.0,488.42,17.745,9.5306
75.0,1.0,52.333,18.036,8.9309
75.0,2.0,144.14,17.272,9.2912
75.0,3.0,283.46,17.518,8.728
75.0,4.0,322.21,28.34,10.706
75.0,5.0,466.53,17.78,9.777
75.0,6.0,488.36,17.728,9.147
76.0,1.0,52.308,18.028,8.2641
76.0,2.0,143.85,17.284,9.1213
76.0,3.0,281.26,17.592,9.4881
76.0,4.0,321.82,28.312,10.088
76.0,5.0,465.52,17.679,9.3466
76.0,6.0,488.52,17.727,8.5025
77.0,1.0,52.512,18.047,7.9753
77.0,2.0,144.76,17.306,8.5207
77.0,3.0,283.49,17.512,8.8425
77.0,4.0,322.16,28.322,9.7951
77.0,5.0,469.44,17.68,9.4763
77.0,6.0,488.36,17.722,8.2436
78.0,1.0,52.23,18.019,7.3914
78.0,2.0,143.83,17.251,7.7515
78.0,3.0,281.85,17.472,8.0001
78.0,4.0,321.7,28.299,8.9935
78.0,5.0,465.86,17.673,8.2354
78.0,6.0,487.79,17.727,7.626
79.0,1.0,52.706,18.057,9.2192
79.0,2.0,145.18,17.333,10.241
79.0,3.0,284.1,17.555,10.157
79.0,4.0,322.49,28.337,11.191
79.0,5.0,469.71,17.726,9.7381
79.0,6.0,489.19,17.732,9.454
80.0,1.0,52.619,18.065,9.5419
80.0,2.0,144.85,17.29,9.7649
80.0,3.0,283.46,17.571,10.264
80.0,4.0,322.51,28.358,11.425
80.0,5.0,467.58,17.701,10.832
80.0,6.0,489.12,17.737,9.7495
81.0,1.0,52.585,18.071,9.2123
81.0,2.0,144.92,17.293,9.4869
81.0,3.0,283.26,17.521,10.609
81.0,4.0,322.45,28.337,11.155
81.0,5.0,467.75,17.753,10.491
81.0,6.0,489.04,17.744,9.443
82.0,1.0,52.633,18.061,9.1909
82.0,2.0,144.82,17.3,10.318
82.0,3.0,283.51,17.602,10.195
82.0,4.0,322.48,28.363,11.168
82.0,5.0,467.46,17.749,10.148
82.0,6.0,489.26,17.731,9.4267
83.0,1.0,52.687,18.066,8.865
83.0,2.0,145.22,17.28,10.092
83.0,3.0,283.54,17.556,10.675
83.0,4.0,322.36,28.342,10.915
83.0,5.0,468.4,17.707,10.587
83.0,6.0,489.26,17.734,9.1262
84.0,1.0,52.6,18.036,8.4332
84.0,2.0,144.54,17.33,9.0985
84.0,3.0,283.07,17.54,9.754
84.0,4.0,321.94,28.311,10.347
84.0,5.0,468.03,17.693,9.9305
84.0,6.0,488.76,17.729,8.6908
85.0,1.0,52.383,18.033,8.4923
85.0,2.0,144.23,17.268,9.3545
85.0,3.0,282.35,17.503,9.8554
85.0,4.0,321.77,28.31,10.381
85.0,5.0,466.37,17.694,9.9265
85.0,6.0,488.51,17.73,8.731
87.0,1.0,52.599,18.074,10.326
87.0,2.0,144.91,17.304,9.5973
87.0,3.0,283.61,17.52,9.6362
87.0,4.0,322.88,28.364,12.057
87.0,5.0,468.72,17.712,10.125
87.0,6.0,489.07,17.742,10.476
88.0,1.0,52.631,18.055,9.8982
88.0,2.0,144.86,17.319,10.784
88.0,3.0,284.5,17.484,9.4136
88.0,4.0,322.66,28.377,11.777
88.0,5.0,469.29,17.85,9.717
88.0,6.0,489.12,17.731,10.088
89.0,1.0,52.722,18.063,9.3494
89.0,2.0,144.92,17.315,10.32
89.0,3.0,283.28,17.473,9.9802
89.0,4.0,322.6,28.368,11.287
89.0,5.0,469.84,17.639,9.5726
89.0,6.0,489.34,17.731,9.5697
90.0,1.0,52.475,18.044,8.4642
90.0,2.0,144.51,17.292,9.1988
90.0,3.0,283.74,17.485,8.837
90.0,4.0,322.22,28.337,10.322
90.0,5.0,468.32,17.791,9.5236
90.0,6.0,488.76,17.726,8.7182
91.0,1.0,52.39,18.031,8.9414
91.0,2.0,144.15,17.301,9.7544
91.0,3.0,282.52,17.484,9.482
91.0,4.0,322.02,28.323,10.766
91.0,5.0,467.02,17.672,8.7562
91.0,6.0,488.57,17.732,9.1505
92.0,1.0,52.656,18.078,10.352
92.0,2.0,145.02,17.308,9.2979
92.0,3.0,283.88,17.492,9.9557
92.0,4.0,322.96,28.364,12.061
92.0,5.0,469.35,17.689,10.062
92.0,6.0,489.12,17.748,10.499
93.0,1.0,52.543,18.066,10.381
93.0,2.0,144.73,17.283,10.044
93.0,3.0,283.77,17.52,9.3834
93.0,4.0,322.86,28.383,12.104
93.0,5.0,466.84,17.683,10.888
93.0,6.0,488.85,17.742,10.532
94.0,1.0,52.588,18.067,9.3794
94.0,2.0,144.91,17.29,10.051
94.0,3.0,283.59,17.521,10.334
94.0,4.0,322.6,28.36,11.318
94.0,5.0,467.06,17.675,10.483
94.0,6.0,489.16,17.735,9.6031
95.0,1.0,52.548,18.063,9.4771
95.0,2.0,144.81,17.308,9.5402
95.0,3.0,283.67,17.536,9.9197
95.0,4.0,322.51,28.349,11.329
95.0,5.0,467.63,17.75,10.522
95.0,6.0,489.0,17.735,9.6829
96.0,1.0,52.146,18.022,9.3188
96.0,2.0,143.86,17.253,8.5876
96.0,3.0,281.82,17.468,9.7501
96.0,4.0,321.97,28.311,10.988
96.0,5.0,465.37,17.752,9.0052
96.0,6.0,487.43,17.742,9.4867
98.0,1.0,52.628,18.058,9.4312
98.0,2.0,144.66,17.292,9.8692
98.0,3.0,283.35,17.608,9.9485
98.0,4.0,322.55,28.36,11.333
98.0,5.0,467.18,17.677,10.334
98.0,6.0,489.2,17.734,9.643
99.0,1.0,52.585,18.077,9.3254
99.0,2.0,144.99,17.315,8.7687
99.0,3.0,283.54,17.527,10.109
99.0,4.0,322.68,28.343,11.14
99.0,5.0,469.01,17.771,9.8027
99.0,6.0,488.8,17.748,9.5393
100.0,1.0,52.699,18.057,10.886
100.0,2.0,145.3,17.286,9.279
100.0,3.0,284.49,17.547,9.5478
100.0,4.0,322.87,28.34,12.549
100.0,5.0,469.42,17.722,9.5935
100.0,6.0,489.29,17.73,11.004
101.0,1.0,52.632,18.048,9.762
101.0,2.0,144.39,17.308,10.721
101.0,3.0,283.59,17.501,9.7071
101.0,4.0,322.61,28.359,11.674
101.0,5.0,468.34,17.835,10.084
101.0,6.0,489.07,17.727,9.9563
102.0,1.0,52.636,18.052,9.3206
102.0,2.0,144.62,17.323,10.02
102.0,3.0,283.96,17.489,9.6513
102.0,4.0,322.5,28.354,11.248
102.0,5.0,468.42,17.918,10.725
102.0,6.0,489.04,17.728,9.5434
103.0,1.0,52.675,18.05,8.3072
103.0,2.0,144.39,17.336,8.9341
103.0,3.0,282.19,17.549,9.2461
103.0,4.0,322.16,28.327,10.068
103.0,5.0,467.63,17.758,8.842
103.0,6.0,488.39,17.724,8.5386
104.0,1.0,52.431,18.055,8.4855
104.0,2.0,144.72,17.303,9.435
104.0,3.0,283.43,17.567,10.179
104.0,4.0,322.12,28.326,10.5
104.0,5.0,467.91,17.683,10.487
104.0,6.0,488.45,17.732,8.7615
105.0,1.0,52.391,18.037,7.7617
105.0,2.0,144.43,17.268,8.2644
105.0,3.0,283.05,17.478,8.6592
105.0,4.0,321.94,28.308,9.4978
105.0,5.0,467.56,17.685,9.0079
105.0,6.0,488.05,17.719,8.0094
106.0,1.0,52.086,18.014,8.5447
106.0,2.0,143.5,17.254,9.268
106.0,3.0,280.55,17.555,9.7712
106.0,4.0,320.95,28.286,10.428
106.0,5.0,462.93,17.948,10.039
106.0,6.0,486.88,17.729,8.7729
107.0,1.0,52.105,18.007,8.9792
107.0,2.0,143.04,17.367,9.5492
107.0,3.0,281.5,17.52,9.2719
107.0,4.0,321.6,28.342,10.769
107.0,5.0,465.6,17.806,9.3349
107.0,6.0,487.41,17.732,9.1741
108.0,1.0,51.98,18.044,9.4233
108.0,2.0,143.46,17.298,8.9893
108.0,3.0,280.55,17.547,9.5888
108.0,4.0,321.94,28.34,11.125
108.0,5.0,463.88,17.785,9.6481
108.0,6.0,487.06,17.752,9.5934
109.0,1.0,52.203,18.098,9.1699
109.0,2.0,144.48,17.309,8.6076
109.0,3.0,281.4,17.52,9.4336
109.0,4.0,322.17,28.331,10.875
109.0,5.0,468.05,17.874,9.1416
109.0,6.0,487.24,17.751,9.3659
110.0,1.0,52.249,18.023,8.4561
110.0,2.0,143.74,17.37,8.9664
110.0,3.0,283.28,17.557,8.7289
110.0,4.0,321.76,28.334,10.24
110.0,5.0,467.56,18.003,9.2864
110.0,6.0,487.66,17.722,8.6972
111.0,1.0,52.452,18.047,8.3512
111.0,2.0,144.12,17.476,9.2402
111.0,3.0,283.29,17.537,9.5576
111.0,4.0,321.64,28.349,10.311
111.0,5.0,468.76,17.705,9.6763
111.0,6.0,488.39,17.731,8.6309
112.0,1.0,52.264,18.039,8.1607
112.0,2.0,144.44,17.283,9.0197
112.0,3.0,283.18,17.534,9.7281
112.0,4.0,321.31,28.29,10.117
112.0,5.0,467.73,17.895,10.205
112.0,6.0,487.67,17.729,8.4421
113.0,1.0,51.849,17.999,7.8277
113.0,2.0,143.13,17.277,8.1855
113.0,3.0,280.76,17.471,8.4749
113.0,4.0,320.99,28.269,9.5097
113.0,5.0,464.36,17.691,8.707
113.0,6.0,486.1,17.722,8.0558
114.0,1.0,52.601,18.057,9.3853
114.0,2.0,144.42,17.306,10.14
114.0,3.0,282.84,17.67,9.935
114.0,4.0,321.96,28.38,11.307
114.0,5.0,464.87,17.984,10.335
114.0,6.0,488.98,17.735,9.6067
115.0,1.0,52.576,18.063,9.5083
115.0,2.0,144.27,17.281,10.349
115.0,3.0,282.82,17.763,10.031
115.0,4.0,322.13,28.385,11.44
115.0,5.0,464.62,17.718,10.633
115.0,6.0,488.95,17.738,9.7244
116.0,1.0,52.443,18.123,9.3862
116.0,2.0,144.81,17.353,10.108
116.0,3.0,280.9,17.608,11.012
116.0,4.0,322.33,28.358,11.375
116.0,5.0,466.94,17.625,10.347
116.0,6.0,488.62,17.77,9.621
117.0,1.0,52.617,18.063,9.0567
117.0,2.0,144.86,17.311,9.9649
117.0,3.0,283.76,17.557,9.7614
117.0,4.0,322.1,28.355,11.046
117.0,5.0,467.57,17.855,11.2
117.0,6.0,488.83,17.739,9.307
118.0,1.0,52.621,18.061,8.5719
118.0,2.0,144.67,17.303,10.126
118.0,3.0,282.57,17.576,10.967
118.0,4.0,321.54,28.338,10.667
118.0,5.0,466.94,17.994,10.789
118.0,6.0,489.13,17.741,8.855
119.0,1.0,52.564,18.069,8.4646
119.0,2.0,144.69,17.301,9.7424
119.0,3.0,281.72,17.617,10.649
119.0,4.0,321.26,28.324,10.537
119.0,5.0,463.23,17.935,10.964
119.0,6.0,488.98,17.744,8.7511
120.0,1.0,52.036,18.005,8.6623
120.0,2.0,143.03,17.299,9.5517
120.0,3.0,279.96,17.516,9.7074
120.0,4.0,321.14,28.317,10.52
120.0,5.0,464.1,17.64,9.5791
120.0,6.0,486.84,17.733,8.8923
121.0,1.0,52.46,18.079,10.325
121.0,2.0,144.29,17.33,9.9919
121.0,3.0,282.87,17.487,9.9084
121.0,4.0,322.76,28.401,12.066
121.0,5.0,467.6,17.748,10.251
121.0,6.0,488.68,17.751,10.476
123.0,1.0,52.574,18.053,10.271
123.0,2.0,144.08,17.34,10.535
123.0,3.0,284.05,17.544,8.5436
123.0,4.0,322.66,28.425,12.028
123.0,5.0,466.56,17.781,10.718
123.0,6.0,488.75,17.743,10.43
124.0,1.0,52.613,18.05,9.2891
124.0,2.0,143.84,17.343,10.285
124.0,3.0,282.36,17.616,10.071
124.0,4.0,322.07,28.393,11.218
124.0,5.0,467.79,17.95,9.753
124.0,6.0,489.21,17.732,9.5114
125.0,1.0,52.438,18.048,8.649
125.0,2.0,144.17,17.452,9.6148
125.0,3.0,282.77,17.545,9.8166
125.0,4.0,321.41,28.335,10.614
125.0,5.0,467.91,17.716,9.752
125.0,6.0,488.49,17.734,8.9102
126.0,1.0,51.943,18.001,9.0385
126.0,2.0,143.05,17.247,9.4208
126.0,3.0,281.38,17.491,9.0717
126.0,4.0,321.69,28.339,10.808
126.0,5.0,462.99,17.72,9.6671
126.0,6.0,486.72,17.743,9.2339
127.0,1.0,52.414,18.136,10.342
127.0,2.0,144.89,17.34,8.983
127.0,3.0,282.3,17.556,10.349
127.0,4.0,323.12,28.393,12.03
127.0,5.0,467.96,17.776,9.7196
127.0,6.0,488.32,17.786,10.488
128.0,1.0,52.431,18.084,10.258
128.0,2.0,144.69,17.303,9.9033
128.0,3.0,283.77,17.577,9.6156
128.0,4.0,323.01,28.415,11.994
128.0,5.0,465.31,17.656,10.716
128.0,6.0,488.54,17.756,10.416
129.0,1.0,52.543,18.116,10.428
129.0,2.0,144.51,17.45,9.3098
129.0,3.0,282.45,17.509,10.58
129.0,4.0,322.72,28.395,12.153
129.0,5.0,469.88,17.714,8.8389
129.0,6.0,488.8,17.783,10.576
130.0,1.0,52.391,18.114,9.2087
130.0,2.0,145.21,17.342,9.3323
130.0,3.0,282.74,17.58,10.305
130.0,4.0,322.25,28.348,11.115
130.0,5.0,467.19,17.963,10.237
130.0,6.0,488.33,17.765,9.4408
131.0,1.0,51.893,18.027,9.5083
131.0,2.0,143.18,17.283,8.932
131.0,3.0,280.23,17.571,9.4203
131.0,4.0,321.77,28.33,11.163
131.0,5.0,462.85,17.73,9.686
131.0,6.0,486.4,17.754,9.674
132.0,1.0,52.516,18.053,9.928
132.0,2.0,143.99,17.332,10.232
132.0,3.0,283.57,17.47,9.4949
132.0,4.0,322.6,28.415,11.744
132.0,5.0,466.32,17.78,10.112
132.0,6.0,488.77,17.743,10.104
133.0,1.0,52.528,18.091,10.002
133.0,2.0,144.27,17.43,9.5619
133.0,3.0,282.31,17.441,10.432
133.0,4.0,322.66,28.388,11.786
133.0,5.0,468.58,17.787,9.1353
133.0,6.0,488.59,17.768,10.175
134.0,1.0,52.54,18.058,9.0878
134.0,2.0,144.47,17.305,9.7101
134.0,3.0,283.94,17.508,9.4961
134.0,4.0,321.95,28.36,11.002
134.0,5.0,466.1,17.858,10.724
134.0,6.0,488.57,17.737,9.3212
135.0,1.0,51.905,18.046,9.366
135.0,2.0,143.3,17.279,8.5376
135.0,3.0,279.98,17.494,9.6787
135.0,4.0,321.82,28.323,11.023
135.0,5.0,463.91,17.767,9.039
135.0,6.0,486.13,17.765,9.5348
136.0,1.0,52.646,18.056,9.5058
136.0,2.0,144.17,17.449,11.156
136.0,3.0,282.45,17.597,10.478
136.0,4.0,322.09,28.377,11.516
136.0,5.0,468.21,17.691,9.0062
136.0,6.0,489.26,17.734,9.7275
137.0,1.0,52.546,18.052,8.8604
137.0,2.0,144.36,17.406,10.003
137.0,3.0,283.67,17.527,9.9475
137.0,4.0,321.69,28.355,10.852
137.0,5.0,468.18,17.923,10.138
137.0,6.0,488.69,17.734,9.1146
138.0,1.0,52.049,18.002,8.7582
138.0,2.0,142.96,17.323,10.044
138.0,3.0,280.21,17.468,10.102
138.0,4.0,321.31,28.317,10.646
138.0,5.0,464.79,17.687,8.9432
138.0,6.0,486.85,17.735,8.9683
139.0,1.0,52.419,18.06,8.224
139.0,2.0,144.8,17.294,9.3041
139.0,3.0,282.95,17.578,10.196
139.0,4.0,321.1,28.298,10.283
139.0,5.0,465.53,18.028,10.732
139.0,6.0,488.34,17.741,8.5197
140.0,1.0,52.012,18.011,8.3188
140.0,2.0,143.32,17.254,9.1134
140.0,3.0,280.03,17.575,9.6402
140.0,4.0,320.93,28.288,10.18
140.0,5.0,461.73,17.93,9.8476
140.0,6.0,486.67,17.732,8.553
141.0,1.0,52.082,18.037,7.9546
141.0,2.0,144.37,17.315,8.6436
141.0,3.0,283.47,17.515,9.2691
141.0,4.0,320.53,28.266,9.8859
141.0,5.0,467.93,17.785,9.8557
141.0,6.0,486.46,17.733,8.2426
142.0,1.0,52.219,18.027,8.6246
142.0,2.0,143.33,17.512,9.2788
142.0,3.0,282.34,17.588,9.4583
142.0,4.0,321.13,28.358,10.478
142.0,5.0,468.46,17.691,9.1463
142.0,6.0,487.18,17.723,8.8634
143.0,1.0,51.645,18.068,9.1966
143.0,2.0,143.49,17.403,8.9101
143.0,3.0,281.2,17.672,9.5965
143.0,4.0,321.37,28.321,10.972
143.0,5.0,465.5,18.0,9.6038
143.0,6.0,485.11,17.753,9.398
144.0,1.0,51.833,18.109,8.8937
144.0,2.0,144.1,17.366,8.6293
144.0,3.0,281.28,17.731,9.4339
144.0,4.0,321.94,28.343,10.661
144.0,5.0,466.62,18.002,9.4343
144.0,6.0,485.65,17.775,9.115
145.0,1.0,51.506,17.955,8.8605
145.0,2.0,141.13,17.435,9.5128
145.0,3.0,278.37,17.506,9.3823
145.0,4.0,320.73,28.336,10.664
145.0,5.0,460.97,17.909,9.4154
145.0,6.0,484.69,17.739,9.0705
146.0,1.0,52.21,18.041,8.6839
146.0,2.0,143.79,17.547,9.4676
146.0,3.0,282.78,17.558,9.7295
146.0,4.0,320.84,28.326,10.629
146.0,5.0,468.8,17.71,9.6078
146.0,6.0,487.26,17.735,8.943
147.0,1.0,51.887,18.023,8.2942
147.0,2.0,143.93,17.304,8.9268
147.0,3.0,282.55,17.568,9.4443
147.0,4.0,320.09,28.249,10.208
147.0,5.0,466.6,17.945,9.8829
147.0,6.0,485.93,17.726,8.5596
148.0,1.0,51.044,17.942,8.2557
148.0,2.0,141.44,17.229,8.6172
148.0,3.0,278.73,17.462,8.8724
148.0,4.0,319.96,28.245,10.008
148.0,5.0,461.88,17.669,9.1156
148.0,6.0,482.01,17.703,8.4824
149.0,1.0,52.67,18.069,9.2083
149.0,2.0,143.92,17.53,10.329
149.0,3.0,280.59,17.793,10.441
149.0,4.0,321.16,28.382,11.187
149.0,5.0,465.81,17.744,9.7111
149.0,6.0,489.23,17.745,9.444
150.0,1.0,52.37,18.097,9.3659
150.0,2.0,144.54,17.355,9.8494
150.0,3.0,282.28,17.955,10.215
150.0,4.0,321.98,28.396,11.273
150.0,5.0,462.68,17.768,10.56
150.0,6.0,488.12,17.759,9.5858
151.0,1.0,52.304,18.201,9.5354
151.0,2.0,144.35,17.41,9.4682
151.0,3.0,278.67,17.746,10.514
151.0,4.0,322.2,28.386,11.4
151.0,5.0,466.46,17.662,9.7368
151.0,6.0,487.96,17.843,9.7444
152.0,1.0,52.353,18.08,9.3545
152.0,2.0,143.63,17.453,9.8162
152.0,3.0,281.28,17.741,10.066
152.0,4.0,321.88,28.411,11.244
152.0,5.0,461.44,17.587,10.476
152.0,6.0,487.99,17.758,9.5725
153.0,1.0,52.644,18.072,8.9596
153.0,2.0,144.09,17.313,10.129
153.0,3.0,280.3,17.831,10.638
153.0,4.0,320.95,28.366,10.967
153.0,5.0,464.01,17.825,10.388
153.0,6.0,489.19,17.749,9.2114
154.0,1.0,52.201,18.051,8.3526
154.0,2.0,144.32,17.317,9.2464
154.0,3.0,282.11,17.638,9.9334
154.0,4.0,320.37,28.278,10.341
154.0,5.0,464.5,17.981,10.335
154.0,6.0,487.22,17.741,8.6316
155.0,1.0,51.799,18.001,8.4413
155.0,2.0,142.84,17.251,9.0854
155.0,3.0,278.79,17.634,9.5192
155.0,4.0,320.18,28.267,10.293
155.0,5.0,459.69,18.129,9.7505
155.0,6.0,485.5,17.723,8.6794
157.0,1.0,52.178,18.103,10.118
157.0,2.0,143.32,17.39,9.771
157.0,3.0,282.5,17.721,9.5404
157.0,4.0,322.9,28.473,11.869
157.0,5.0,462.54,18.265,10.308
157.0,6.0,487.4,17.782,10.283
158.0,1.0,52.509,18.067,9.5472
158.0,2.0,143.69,17.489,10.323
158.0,3.0,282.5,17.627,9.8078
158.0,4.0,322.41,28.445,11.442
158.0,5.0,465.24,17.718,9.7048
158.0,6.0,488.76,17.746,9.7545
159.0,1.0,52.593,18.066,9.2987
159.0,2.0,143.93,17.354,10.278
159.0,3.0,281.58,17.906,9.9655
159.0,4.0,321.53,28.398,11.238
159.0,5.0,464.66,17.892,10.144
159.0,6.0,488.97,17.743,9.5244
160.0,1.0,52.497,18.049,8.7893
160.0,2.0,143.88,17.523,9.9204
160.0,3.0,282.54,17.593,10.202
160.0,4.0,320.9,28.35,10.775
160.0,5.0,468.26,17.797,9.7279
160.0,6.0,488.32,17.739,9.0448
161.0,1.0,51.412,17.963,9.0467
161.0,2.0,141.24,17.237,9.4382
161.0,3.0,278.88,17.434,8.8861
161.0,4.0,320.95,28.346,10.798
161.0,5.0,456.95,17.849,9.7291
161.0,6.0,484.38,17.746,9.2434
162.0,1.0,52.169,18.217,10.236
162.0,2.0,144.89,17.387,8.9199
162.0,3.0,280.71,17.673,10.412
162.0,4.0,323.37,28.43,11.927
162.0,5.0,467.92,18.005,9.538
162.0,6.0,487.44,17.831,10.387
163.0,1.0,52.259,18.089,10.032
163.0,2.0,143.36,17.395,9.7937
163.0,3.0,282.95,17.722,9.5723
163.0,4.0,322.91,28.475,11.798
163.0,5.0,462.98,18.228,10.318
163.0,6.0,487.29,17.78,10.202
164.0,1.0,52.335,18.091,9.4062
164.0,2.0,143.84,17.444,9.9615
164.0,3.0,281.03,17.803,10.075
164.0,4.0,321.87,28.417,11.311
164.0,5.0,460.24,17.633,10.405
164.0,6.0,487.99,17.757,9.626
165.0,1.0,52.039,18.133,9.1659
165.0,2.0,144.48,17.297,8.9049
165.0,3.0,281.74,17.508,9.7932
165.0,4.0,321.74,28.32,10.991
165.0,5.0,468.19,17.866,9.5754
165.0,6.0,486.59,17.8,9.3839
166.0,1.0,51.195,18.142,9.2534
166.0,2.0,142.36,17.22,8.6708
166.0,3.0,276.08,17.405,9.6522
166.0,4.0,321.39,28.341,10.951
166.0,5.0,462.17,17.687,9.0769
166.0,6.0,483.23,17.816,9.4324
167.0,1.0,52.38,18.082,9.8819
167.0,2.0,143.46,17.427,9.9885
167.0,3.0,282.32,17.445,9.9005
167.0,4.0,322.65,28.461,11.692
167.0,5.0,465.69,17.699,10.103
167.0,6.0,488.25,17.766,10.06
168.0,1.0,52.429,18.101,9.5822
168.0,2.0,144.35,17.29,10.007
168.0,3.0,281.02,18.188,10.03
168.0,4.0,321.96,28.404,11.467
168.0,5.0,462.18,17.839,10.387
168.0,6.0,488.27,17.76,9.7896
169.0,1.0,52.305,18.052,9.314
169.0,2.0,144.15,17.323,9.6259
169.0,3.0,284.0,17.493,9.175
169.0,4.0,321.66,28.361,11.164
169.0,5.0,466.43,17.808,10.472
169.0,6.0,487.36,17.738,9.5267
170.0,1.0,51.393,18.008,9.2416
170.0,2.0,141.95,17.302,9.2421
170.0,3.0,278.36,17.618,9.408
170.0,4.0,321.23,28.343,10.98
170.0,5.0,458.25,17.727,9.7756
170.0,6.0,484.07,17.768,9.4228
171.0,1.0,52.599,18.045,9.4825
171.0,2.0,143.23,17.637,10.566
171.0,3.0,282.45,17.624,10.027
171.0,4.0,321.99,28.44,11.386
171.0,5.0,468.47,17.885,9.2348
171.0,6.0,489.11,17.735,9.6883
172.0,1.0,52.292,18.045,8.7386
172.0,2.0,144.12,17.337,9.6157
172.0,3.0,282.18,17.587,9.9579
172.0,4.0,320.94,28.311,10.695
172.0,5.0,467.99,17.745,9.7562
172.0,6.0,487.56,17.735,8.9894
173.0,1.0,52.101,18.016,8.9554
173.0,2.0,143.16,17.389,9.5447
173.0,3.0,281.96,17.547,8.854
173.0,4.0,321.5,28.351,10.749
173.0,5.0,466.33,17.855,9.522
173.0,6.0,486.02,17.715,9.1671
174.0,1.0,52.221,18.047,8.348
174.0,2.0,144.37,17.284,9.1161
174.0,3.0,282.24,17.657,9.7203
174.0,4.0,320.16,28.266,10.309
174.0,5.0,465.31,18.228,10.125
174.0,6.0,486.9,17.738,8.6177
175.0,1.0,51.511,17.978,8.5034
175.0,2.0,142.26,17.215,9.113
175.0,3.0,277.73,17.602,9.531
175.0,4.0,319.87,28.254,10.335
175.0,5.0,457.66,18.274,9.788
175.0,6.0,484.26,17.732,8.7215
176.0,1.0,50.883,17.939,8.5247
176.0,2.0,140.9,17.174,9.0972
176.0,3.0,275.29,17.544,9.5477
176.0,4.0,318.75,28.217,10.35
176.0,5.0,453.2,18.241,9.8062
176.0,6.0,480.96,17.727,8.7417
177.0,1.0,51.23,17.934,9.0967
177.0,2.0,140.05,17.461,9.6184
177.0,3.0,278.22,17.598,9.3782
177.0,4.0,320.55,28.361,10.884
177.0,5.0,460.26,18.044,9.5645
177.0,6.0,481.52,17.723,9.2917
178.0,1.0,51.141,17.978,9.248
178.0,2.0,141.13,17.303,9.4744
178.0,3.0,278.35,17.547,9.2625
178.0,4.0,321.04,28.37,11.012
178.0,5.0,457.29,17.619,9.9285
178.0,6.0,481.05,17.745,9.4386
179.0,1.0,51.66,18.235,9.0008
179.0,2.0,144.73,17.345,8.3865
179.0,3.0,279.84,17.545,9.7183
179.0,4.0,321.43,28.325,10.812
179.0,5.0,469.13,17.898,9.5159
179.0,6.0,483.7,17.886,9.2355
180.0,1.0,51.315,18.04,9.0871
180.0,2.0,142.88,17.324,9.2515
180.0,3.0,282.03,17.781,9.3957
180.0,4.0,321.08,28.355,10.915
180.0,5.0,463.6,17.704,9.9579
180.0,6.0,482.94,17.743,9.3092
181.0,1.0,51.572,17.994,8.8313
181.0,2.0,142.18,17.724,9.479
181.0,3.0,281.59,17.564,9.5156
181.0,4.0,320.28,28.338,10.708
181.0,5.0,469.05,17.84,9.3907
181.0,6.0,484.11,17.713,9.0694
182.0,1.0,51.345,17.992,8.4862
182.0,2.0,142.66,17.332,9.2114
182.0,3.0,279.82,17.753,9.7479
182.0,4.0,319.55,28.251,10.415
182.0,5.0,463.01,18.232,10.06
182.0,6.0,482.21,17.703,8.748
183.0,1.0,50.806,17.941,8.37
183.0,2.0,141.67,17.241,8.8455
183.0,3.0,279.55,17.496,9.2231
183.0,4.0,319.17,28.206,10.215
183.0,5.0,463.22,17.817,9.5822
183.0,6.0,479.52,17.679,8.6193
184.0,1.0,52.514,18.07,8.9456
184.0,2.0,144.37,17.457,9.7981
184.0,3.0,281.31,17.766,10.315
184.0,4.0,319.96,28.343,10.933
184.0,5.0,463.81,18.062,10.389
184.0,6.0,488.04,17.761,9.198
185.0,1.0,52.312,18.059,9.2525
185.0,2.0,142.64,17.352,10.018
185.0,3.0,280.81,18.112,9.876
185.0,4.0,321.19,28.432,11.167
185.0,5.0,456.34,18.355,10.385
185.0,6.0,487.61,17.743,9.4777
186.0,1.0,51.613,18.238,9.4366
186.0,2.0,144.66,17.466,9.445
186.0,3.0,278.68,17.775,10.197
186.0,4.0,321.32,28.374,11.325
186.0,5.0,460.13,18.835,10.303
186.0,6.0,484.36,17.856,9.661
187.0,1.0,51.986,18.124,9.3107
187.0,2.0,144.26,17.438,9.7393
187.0,3.0,281.44,17.587,10.059
187.0,4.0,321.27,28.389,11.226
187.0,5.0,457.44,18.766,10.523
187.0,6.0,486.17,17.785,9.5399
188.0,1.0,52.658,18.072,8.9294
188.0,2.0,143.46,17.335,10.224
188.0,3.0,278.68,17.88,10.711
188.0,4.0,320.69,28.398,10.937
188.0,5.0,463.91,17.543,10.272
188.0,6.0,489.36,17.754,9.181
189.0,1.0,52.081,18.064,8.6543
189.0,2.0,144.75,17.311,9.3202
189.0,3.0,282.48,17.764,9.8252
189.0,4.0,319.38,28.253,10.636
189.0,5.0,463.51,18.636,10.403
189.0,6.0,485.54,17.759,8.9215
190.0,1.0,51.052,17.928,8.667
190.0,2.0,140.15,17.34,9.7298
190.0,3.0,273.65,17.736,10.116
190.0,4.0,319.37,28.284,10.565
190.0,5.0,455.84,17.661,9.829
190.0,6.0,482.13,17.733,8.9152
191.0,1.0,52.339,18.071,9.7886
191.0,2.0,143.04,17.358,10.01
191.0,3.0,283.72,17.523,9.2221
191.0,4.0,322.92,28.513,11.583
191.0,5.0,461.94,17.996,10.372
191.0,6.0,487.95,17.774,9.9681
192.0,1.0,52.011,18.27,9.8308
192.0,2.0,143.78,17.486,9.6471
192.0,3.0,278.93,17.429,10.212
192.0,4.0,322.96,28.471,11.652
192.0,5.0,467.74,17.786,9.4185
192.0,6.0,486.55,17.906,10.019
193.0,1.0,52.406,18.052,9.6567
193.0,2.0,142.48,17.664,10.299
193.0,3.0,282.82,17.566,9.5844
193.0,4.0,322.15,28.495,11.525
193.0,5.0,464.58,18.022,9.8951
193.0,6.0,488.12,17.753,9.8546
194.0,1.0,52.491,18.049,9.3759
194.0,2.0,142.22,17.442,10.268
194.0,3.0,279.58,18.284,9.9614
194.0,4.0,321.09,28.442,11.279
194.0,5.0,462.73,18.319,10.009
194.0,6.0,488.57,17.738,9.5914
195.0,1.0,52.218,18.038,9.0731
195.0,2.0,142.25,17.905,9.9416
195.0,3.0,281.39,17.805,9.9063
195.0,4.0,320.16,28.376,11.023
195.0,5.0,464.64,17.959,10.134
195.0,6.0,486.92,17.737,9.3143
196.0,1.0,50.913,17.911,9.2662
196.0,2.0,139.76,17.383,10.043
196.0,3.0,277.09,17.449,9.1868
196.0,4.0,320.19,28.347,11.046
196.0,5.0,456.37,18.082,9.4351
196.0,6.0,481.52,17.742,9.469
197.0,1.0,51.595,18.274,9.9135
197.0,2.0,144.13,17.293,9.4668
197.0,3.0,277.98,17.519,10.119
197.0,4.0,323.58,28.489,11.707
197.0,5.0,460.73,17.458,9.9701
197.0,6.0,484.76,17.879,10.098
198.0,1.0,51.921,18.285,10.14
198.0,2.0,144.22,17.297,9.3448
198.0,3.0,279.95,17.444,9.9268
198.0,4.0,323.36,28.499,11.89
198.0,5.0,464.77,18.093,9.5731
198.0,6.0,486.08,17.906,10.306
199.0,1.0,52.075,18.224,9.3865
199.0,2.0,144.4,17.461,9.6633
199.0,3.0,277.22,17.691,10.417
199.0,4.0,321.71,28.401,11.293
199.0,5.0,461.31,18.23,10.179
199.0,6.0,486.73,17.849,9.6113
200.0,1.0,51.758,18.196,9.0929
200.0,2.0,144.57,17.446,9.1492
200.0,3.0,280.07,17.802,9.9142
200.0,4.0,321.37,28.355,10.976
200.0,5.0,463.69,18.37,10.173
200.0,6.0,484.66,17.831,9.3255
201.0,1.0,50.618,18.076,9.7231
201.0,2.0,140.94,17.21,8.7137
201.0,3.0,273.77,17.47,9.8788
201.0,4.0,320.86,28.323,11.357
201.0,5.0,457.76,17.795,9.3539
201.0,6.0,480.06,17.815,9.8858
202.0,1.0,52.197,18.05,9.7306
202.0,2.0,141.93,17.358,10.121
202.0,3.0,283.89,17.511,9.2279
202.0,4.0,322.57,28.543,11.519
202.0,5.0,459.76,18.354,10.276
202.0,6.0,487.39,17.769,9.9092
203.0,1.0,52.164,18.129,9.8526
203.0,2.0,142.69,17.605,9.9426
203.0,3.0,279.77,17.496,10.053
203.0,4.0,322.53,28.51,11.651
203.0,5.0,464.18,17.951,9.7469
203.0,6.0,486.88,17.797,10.034
204.0,1.0,52.162,18.072,9.51
204.0,2.0,143.77,17.361,9.7717
204.0,3.0,282.61,17.959,9.8272
204.0,4.0,321.1,28.409,11.388
204.0,5.0,455.75,18.57,10.589
204.0,6.0,486.43,17.764,9.7212
205.0,1.0,50.666,18.071,10.007
205.0,2.0,140.94,17.262,8.3514
205.0,3.0,273.99,17.447,10.146
205.0,4.0,320.84,28.316,11.581
205.0,5.0,457.98,17.866,8.9602
205.0,6.0,480.27,17.816,10.145
206.0,1.0,52.52,18.053,9.2185
206.0,2.0,142.44,17.64,10.072
206.0,3.0,279.65,17.934,9.9516
206.0,4.0,321.14,28.442,11.127
206.0,5.0,462.22,17.856,10.067
206.0,6.0,488.67,17.742,9.4398
207.0,1.0,52.239,18.064,9.2871
207.0,2.0,143.24,17.476,10.012
207.0,3.0,282.09,17.521,9.7688
207.0,4.0,320.73,28.402,11.216
207.0,5.0,458.78,19.272,10.391
207.0,6.0,487.19,17.751,9.5149
208.0,1.0,51.037,17.911,8.815
208.0,2.0,138.97,17.588,9.4712
208.0,3.0,273.38,17.523,9.572
208.0,4.0,319.48,28.307,10.593
208.0,5.0,458.4,17.734,9.2703
208.0,6.0,482.02,17.726,9.0088
209.0,1.0,52.211,18.089,8.7537
209.0,2.0,144.91,17.318,9.5229
209.0,3.0,281.08,17.963,10.09
209.0,4.0,319.3,28.274,10.75
209.0,5.0,459.21,18.803,10.419
209.0,6.0,487.02,17.771,9.0233
210.0,1.0,51.015,17.937,8.6812
210.0,2.0,140.56,17.233,9.3798
210.0,3.0,273.95,17.883,9.7103
210.0,4.0,318.85,28.241,10.504
210.0,5.0,453.55,17.642,9.9112
210.0,6.0,481.66,17.731,8.8861
